ephi_pca.sample.id	pop1	EV1	EV2
SOER052796-EPHI-622I-1	Erer	0.00995637941021167	-0.00428072306884528
SOER052770-EPHI-622I-1	Erer	0.00709950847953295	0.0210479778147793
SOER052778-EPHI-622I-1	Erer	-0.010522350522808	0.00075094025829652
SOER052763-EPHI-622I-1	Erer	-0.0270247697404942	-0.0326707494439149
SOER052758-EPHI-622I-1	Erer	-0.0315957206799998	-0.036314133336347
SOER052757-EPHI-622I-1	Erer	-0.0315957206800001	-0.0363141333363462
SOER052756-EPHI-622I-1	Erer	-0.0303462924573705	-0.0367611435044618
SOER052749-EPHI-622I-1	Erer	-0.037263578900694	-0.0105075240987833
SOER052732-EPHI-622I-1	Erer	-0.00304376394819699	-0.0257139134079077
SOER052726-EPHI-622I-1	Erer	-0.0309476878257288	-0.0369995145701792
SOER052714-EPHI-622I-1	Erer	-0.0313228053099534	-0.0362716001384714
SOER052710-EPHI-622I-1	Erer	-0.00534900709964517	-0.0236265856677214
SOER052708-EPHI-622I-1	Erer	-0.0315390085729617	-0.0363228990980391
SOER052703-EPHI-622I-1	Erer	-0.0114018712281155	-0.0276353795411417
SNSE072150-EPHI-622I-1	Secha	0.00931730709963654	-0.0224648741225289
SNSE072146-EPHI-622I-1	Secha	-0.0315204519330177	-0.0261356628193374
SNSE072145-EPHI-622I-1	Secha	0.00909181361753419	0.0104529481613491
SNSE072143-EPHI-622I-1	Secha	-0.00209748866596297	-0.0101394736720726
SNSE072141-EPHI-622I-1	Secha	-0.0144052271141109	-0.00834661742569525
SNSE072135-EPHI-622I-1	Secha	-0.0312315431562674	-0.0226389774437478
SNSE072132-EPHI-622I-1	Secha	0.00333236995230313	0.00184656760541043
SNSE072130-EPHI-622I-1	Secha	-0.0114752953750769	-0.00167400495415269
SNSE072120-EPHI-622I-1	Secha	-0.0220405947922271	-0.0110004799261361
SNSE072115-EPHI-622I-1	Secha	-0.00139483745036916	-0.0226736667271341
SNSE072114-EPHI-622I-1	Secha	0.00849603423534178	-0.0145209575398771
SNSE072112-EPHI-622I-1	Secha	0.00573504966923932	-0.0239402813185951
SNSE072103-EPHI-622I-1	Secha	0.00503930578679729	0.00135882952638844
SND1071820-EPHI-622I-1	Dila	0.00328259603648281	-0.0211085723580845
SND1071819-EPHI-622I-1	Dila	-0.0248990195848342	-0.0301620977259153
SND1071806-EPHI-622I-1	Dila	-0.0029208877225072	-0.0192557891977282
SND1071802-EPHI-622I-1	Dila	-0.0117105344418023	-0.0183779103681312
SND1071801-EPHI-622I-1	Dila	-0.0377687996466467	-0.0190763884820405
PBS-control-EPHI-622I-1	NA	0.0118515362284805	-0.00488846180180883
ORME040699-EPHI-622I-1	Metehara	-0.0323233731266973	-0.0335049596290458
SOER052713-EPHI-622I-1	Erer	-0.0278932035141634	-0.0217798989056978
SNSE072111-EPHI-622I-1	Secha	-0.00987565490091849	-0.00772838824190074
ORME040693-EPHI-622I-1	Metehara	-0.0315983826045003	-0.0363129681923567
SNSE072121-EPHI-622I-1	Secha	-0.028371368954923	-0.0212683127168499
ORME040690-EPHI-622I-1	Metehara	-0.0326977616836384	-0.0339739931541041
ORME040687-EPHI-622I-1	Metehara	-0.0157312640883259	-0.00629775872155074
ORME040686-EPHI-622I-1	Metehara	-0.0239241922004928	-0.0267499296896544
ORME040685-EPHI-622I-1	Metehara	-0.0157312640883259	-0.00629775872155074
ORME040683-EPHI-622I-1	Metehara	-0.0278932035141634	-0.0217798989056978
ORME040671-EPHI-622I-1	Metehara	-0.00896349929300687	-0.0236489780365689
ORME040680-EPHI-622I-1	Metehara	-0.025205426179499	-0.0290407069692657
ORME040669-EPHI-622I-1	Metehara	-0.020623171086548	0.000104889111251518
ORME040668-EPHI-622I-1	Metehara	-0.0107647398390682	-0.0271221032072503
ORME040664-EPHI-622I-1	Metehara	-0.0240325774164977	-0.0168865446831362
ORME040661-EPHI-622I-1	Metehara	-0.0157312640883259	-0.00629775872155074
ORME040658-EPHI-622I-1	Metehara	-0.0278540804099388	-0.0217868491690417
ORME040657-EPHI-622I-1	Metehara	-0.0239241922004928	-0.0267499296896544
SNSE072128-EPHI-622I-1	Secha	0.0216144095303349	-0.00105393003448595
ORME040656-EPHI-622I-1	Metehara	-0.0204384421554339	-0.0154426139535394
SNSE072110-EPHI-622I-1	Secha	0.00929511942639303	-0.00645563253214025
ORME040681-EPHI-622I-1	Metehara	-0.0312717185177766	-0.035427570874878
ORME040651-EPHI-622I-1	Metehara	-0.0157312640883259	-0.00629775872155074
ORME040650-EPHI-622I-1	Metehara	-0.0278932035141634	-0.0217798989056978
ORME040649-EPHI-622I-1	Metehara	-0.0265036759629939	-0.0337592054129698
ORME040665-EPHI-622I-1	Metehara	-0.0289370771471768	-0.0350822586899288
ORME040648-EPHI-622I-1	Metehara	-0.0277683199811955	-0.0217404773100694
ORME040645-EPHI-622I-1	Metehara	-0.0278227823065133	-0.020367914938447
ORME040642-EPHI-622I-1	Metehara	-0.0124594175752822	-0.0253006525272136
ORME040641-EPHI-622I-1	Metehara	-0.0315957206800001	-0.0363141333363468
ORME040640-EPHI-622I-1	Metehara	-0.0278932035141634	-0.0217798989056978
ORME040639-EPHI-622I-1	Metehara	-0.027877839682582	-0.0217833406347336
ORME040638-EPHI-622I-1	Metehara	-0.0249811706757189	-0.0100893067073371
ORME040634-EPHI-622I-1	Metehara	-0.0278932035141634	-0.0217798989056978
ORME040632-EPHI-622I-1	Metehara	0.0235648695707927	0.0296318582249528
ORME040631-EPHI-622I-1	Metehara	-0.0205529730526555	-0.00972168982165975
SNSE072105-EPHI-622I-1	Secha	-0.0235414256349227	-0.00488984995583736
ORME040627-EPHI-622I-1	Metehara	-0.0265036759629939	-0.0337592054129698
SOER052745-EPHI-622I-1	Erer	-0.0315983826045003	-0.0363129681923567
ORME040626-EPHI-622I-1	Metehara	-0.0250883864709133	-0.0239660244409732
ORME040625-EPHI-622I-1	Metehara	-0.0315957206800001	-0.0363141333363468
ORME040624-EPHI-622I-1	Metehara	-0.0278062547008292	-0.0216083729664499
SOER052762-EPHI-622I-1	Erer	0.0101045241285993	-0.00396735758428667
ORME040623-EPHI-622I-1	Metehara	-0.0276089432944263	-0.0217387405719844
ORME040622-EPHI-622I-1	Metehara	-0.016937703133101	-0.00889811477899468
ORME040621-EPHI-622I-1	Metehara	-0.0266675913680949	-0.0203424638903133
ORME040616-EPHI-622I-1	Metehara	-0.00571665480286335	0.0165790475162235
ORME040615-EPHI-622I-1	Metehara	0.0302370975414451	0.0355860181154487
ORME040612-EPHI-622I-1	Metehara	-0.03159572068	-0.0363141333363468
ORME040608-EPHI-622I-1	Metehara	-0.0278932035141634	-0.0217798989056978
ORME040605-EPHI-622I-1	Metehara	-0.027877839682582	-0.0217833406347336
ORME040603-EPHI-622I-1	Metehara	-0.00725532306896289	-0.0128012323949043
SOER052744-EPHI-622I-1	Erer	0.00200733775764075	-0.00654090204197358
ORME040601-EPHI-622I-1	Metehara	0.0285151507268435	0.00464050243447381
ORME040655-EPHI-622I-1	Metehara	-0.0467002210932307	-0.0174402923010787
ORBA040336-EPHI-622I-1	Batu	-0.0201570569579493	-0.0241350664420178
ORBA040334-EPHI-622I-1	Batu	-0.025596481262462	-0.032360549410411
ORBA040330-EPHI-622I-1	Batu	0.00267780923699524	0.0459400860470048
ORBA040327-EPHI-622I-1	Batu	-0.0300167257480829	-0.00899211996818378
ORBA040324-EPHI-622I-1	Batu	-0.0298394431818665	-0.0105668396726757
ORBA040322-EPHI-622I-1	Batu	-0.0467002210932307	-0.0174402923010787
ORBA040317-EPHI-622I-1	Batu	-0.0113977551376954	-0.00661000546159022
ORBA040314-EPHI-622I-1	Batu	-0.0300837565301037	-0.0347407553937406
ORBA040313-EPHI-622I-1	Batu	-0.0300837565301036	-0.0347407553937406
ORBA040310-EPHI-622I-1	Batu	-0.0131464115080223	-0.0182090199085495
ORBA040308-EPHI-622I-1	Batu	-0.0467002210932307	-0.0174402923010787
ORME040637-EPHI-622I-1	Metehara	0.0308003765560117	0.0371953602582866
ORBA040306-EPHI-622I-1	Batu	-0.0258800991044939	-0.0246082612353141
ORBA040304-EPHI-622I-1	Batu	0.0144172092880165	-0.0154950696046922
SOER052773-EPHI-622I-1	Erer	-0.0210553812123679	0.0114321390488432
ORBA040303-EPHI-622I-1	Batu	-0.043177430173694	-0.0266204635485999
ORBA040301-EPHI-622I-1	Batu	-0.03159572068	-0.0363141333363469
ORAS040031-EPHI-622I-1	Asendabo	-0.0467002210932307	-0.0174402923010787
ORAS040029-EPHI-622I-1	Asendabo	-0.0101798408742981	0.0210827414805543
SNSE072125-EPHI-622I-1	Secha	0.0050393057867973	0.00135882952638845
ORAS040028-EPHI-622I-1	Asendabo	-0.0249253972028238	-0.0148255924790036
ORAS040023-EPHI-622I-1	Asendabo	0.00286515798854286	0.00538505355927263
ORAS040019-EPHI-622I-1	Asendabo	-0.0249253972028238	-0.0148255924790036
ORAS040018-EPHI-622I-1	Asendabo	-0.0159311776404093	0.00133162878777286
ORAS040015-EPHI-622I-1	Asendabo	-0.0105674758005486	-0.0225453928436967
ORAS040012-EPHI-622I-1	Asendabo	-0.0310763096011849	0.0434056353160792
ORAS040010-EPHI-622I-1	Asendabo	-0.0365713312259243	-0.018201546009502
ORME040672-EPHI-622I-1	Metehara	0.0307876861482199	0.0371951913341193
ORAS040007-EPHI-622I-1	Asendabo	-0.0356706085573478	-0.0179958261934919
ORAS040006-EPHI-622I-1	Asendabo	-0.00151574814215555	-0.00384357328814691
ORAS040002-EPHI-622I-1	Asendabo	0.0203436193520868	0.00727797462005336
GAAB092563-EPHI-622I-1	Abol	0.0498497720019437	-0.0101399985153623
GAAB092561-EPHI-622I-1	Abol	0.0421769433603877	0.012111273900666
GAAB092560-EPHI-622I-1	Abol	0.0637442123660799	-0.0149385271107737
GAAB092548-EPHI-622I-1	Abol	0.0751865606045592	-0.0253329447991713
GAAB092547-EPHI-622I-1	Abol	0.0867723627999092	-0.0205881597688697
GAAB092546-EPHI-622I-1	Abol	0.0691311606212636	-0.0236111738965112
GAAB092545-EPHI-622I-1	Abol	0.0976640031265392	-0.0166712219545983
GAAB092543-EPHI-622I-1	Abol	0.0912345129251096	-0.0256584702131943
GAAB092542-EPHI-622I-1	Abol	-0.0042124421335913	-0.0302420754648585
GAAB092541-EPHI-622I-1	Abol	0.0315283320629203	0.00566811498476579
GAAB092540-EPHI-622I-1	Abol	0.111590875159975	-0.0114033546930345
GAAB092539-EPHI-622I-1	Abol	0.0595612939923876	-0.0088763504124752
GAAB092535-EPHI-622I-1	Abol	0.0582807778725336	-0.0150615559350601
GAAB092532-EPHI-622I-1	Abol	0.0625976845703344	-0.0145997498611875
GAAB092531-EPHI-622I-1	Abol	0.0243898835233545	0.0321111973658351
GAAB092526-EPHI-622I-1	Abol	0.0645031049376632	-0.0108605856524304
GAAB092524-EPHI-622I-1	Abol	0.0781259569210096	-0.011029039397715
GAAB092523-EPHI-622I-1	Abol	0.0759948402741087	-0.00490904078476353
GAAB092519-EPHI-622I-1	Abol	0.0607027326104813	-0.00336005644469977
GAAB092517-EPHI-622I-1	Abol	0.0739161783337062	-0.0176989941453282
GAAB092514-EPHI-622I-1	Abol	0.0572240823351345	-0.00505670679724891
SNSE072101-EPHI-622I-1	Secha	-0.0161531268432949	-0.0316721978143861
ORME040620-EPHI-622I-1	Metehara	-0.0287915485919865	-0.020284650043527
GAAB092513-EPHI-622I-1	Abol	0.103298613913238	-0.00206704306204132
GAAB092508-EPHI-622I-1	Abol	0.083715748843578	-0.023165536640005
GAAB092507-EPHI-622I-1	Abol	0.0369636290855214	0.00794300712992211
SOER052743-EPHI-622I-1	Erer	0.000164573607372829	-0.00109549949798768
GAAB092506-EPHI-622I-1	Abol	0.0332982126072557	0.0202748046784276
ORBA040323-EPHI-622I-1	Batu	-0.0298394431818665	-0.0105668396726757
GAAB092505-EPHI-622I-1	Abol	-0.00503893917199729	-0.0316238534407427
GAAB092504-EPHI-622I-1	Abol	0.0289048279553836	0.017372469301022
SOER052727-EPHI-622I-1	Erer	-0.0328057142136853	-0.0355966054527037
ORME040607-EPHI-622I-1	Metehara	-0.000908758287400896	-0.0242621018738588
GAAB092502-EPHI-622I-1	Abol	0.061767931260276	-0.0127394218665649
GAAB092501-EPHI-622I-1	Abol	0.0645176503336884	0.00616328617777616
GAAB092499-EPHI-622I-1	Abol	0.0360437368059196	-0.00278019109201015
SNSE072140-EPHI-622I-1	Secha	-0.0042290637683965	-0.0094731806808451
GAAB092496-EPHI-622I-1	Abol	0.0334436574277519	-0.0140566110600693
GAAB092493-EPHI-622I-1	Abol	0.0767445064689207	-0.0214260840765594
GAAB092492-EPHI-622I-1	Abol	0.0718827125818578	-0.0141403922363273
GAAB092490-EPHI-622I-1	Abol	0.0686035611632304	-0.00998713841455918
GAAB092487-EPHI-622I-1	Abol	0.0336033563764832	0.0203254168541747
GAAB092484-EPHI-622I-1	Abol	0.0370321832769028	-0.00861158693331424
GAAB092479-EPHI-622I-1	Abol	0.0782812451124988	-0.0119432110454853
SOER052704-EPHI-622I-1	Erer	0.0307876861482199	0.0371951913341193
GAAB092478-EPHI-622I-1	Abol	0.0851974269309242	-0.010803086487713
ORME040606-EPHI-622I-1	Andansa	0.00225797712839647	-0.00622835435213072
GAAB092491-EPHI-622I-1	Abol	0.0478041299015604	-0.00855611378919369
GAAB092476-EPHI-622I-1	Abol	0.0591074194637463	-0.000403966846627463
GAAB092474-EPHI-622I-1	Abol	0.0693141249699678	-0.00462968703469311
GAAB092473-EPHI-622I-1	Abol	0.0703364386888727	0.000717339970837945
SNSE072106-EPHI-622I-1	Secha	-0.0214983265429887	-0.00825647651625234
GAAB092469-EPHI-622I-1	Abol	0.0738800261385006	-0.00509219975920847
GAAB092466-EPHI-622I-1	Abol	0.0823674433261616	-0.0206347515704999
GAAB092463-EPHI-622I-1	Abol	0.0938857830821924	-0.0332660891704297
GAAB092461-EPHI-622I-1	Abol	0.0392643864081507	0.0181780176435281
GAAB092459-EPHI-622I-1	Abol	0.0609024181016834	-0.00475094281413996
GAAB092457-EPHI-622I-1	Abol	0.0739028273996704	-0.00782174175210213
GAAB092455-EPHI-622I-1	Abol	0.0758979652328681	-0.0282525079432636
GAAB092454-EPHI-622I-1	Abol	0.0817502452745225	-0.0316184189970436
GAAB092453-EPHI-622I-1	Abol	0.0568868355834438	0.000830664446199319
GAAB092450-EPHI-622I-1	Abol	0.0847999192639897	-0.0213127013099081
GAAB092449-EPHI-622I-1	Abol	0.0576738867056169	-0.01995016101187
GAAB092446-EPHI-622I-1	Abol	0.0328722029246353	-0.00509655948633602
SNSE072147-EPHI-622I-1	Secha	-0.00925707418997915	0.0101005516464852
GAAB092445-EPHI-622I-1	Abol	0.0833442746552064	-0.0094994092051006
ORBA040316-EPHI-622I-1	Batu	-0.03159572068	-0.0363141333363469
GAAB092442-EPHI-622I-1	Abol	0.0646182678163944	-0.0281438751049787
GAAB092441-EPHI-622I-1	Abol	0.024519782624865	0.0121772202778008
SND1071822-EPHI-622I-1	Dila	-0.0195339421452839	-0.0132029913627853
GAAB092483-EPHI-622I-1	Abol	0.0360110606593121	0.0137584368143382
GAAB092439-EPHI-622I-1	Abol	0.10731056150942	-0.0395077769524689
GAAB092458-EPHI-622I-1	Abol	0.0815831967555163	-0.0235892750563716
GAAB092437-EPHI-622I-1	Abol	0.0420515667193355	-0.00519708727882534
GAAB092436-EPHI-622I-1	Abol	0.0728510430729565	-0.0155717005164932
GAAB092434-EPHI-622I-1	Abol	0.069276253371236	-0.0100317572831197
GAAB092433-EPHI-622I-1	Abol	0.0509011708240105	0.00351368126123908
GAAB092429-EPHI-622I-1	Abol	0.0863866888445404	-0.0129520579084458
GAAB092428-EPHI-622I-1	Abol	0.0693791797563136	-0.033728699491662
GAAB092424-EPHI-622I-1	Abol	0.0482224900695572	-0.0116518189688545
GAAB092495-EPHI-622I-1	Abol	0.0727639870794432	-0.0109571885074071
GAAB092419-EPHI-622I-1	Abol	0.0907206874964309	-0.00701120874388115
GAAB092418-EPHI-622I-1	Abol	0.053214452522331	-0.00561036918552316
GAAB092417-EPHI-622I-1	Abol	0.0849148465534279	-0.0188271429032946
ORAS040020-EPHI-622I-1	Asendabo	-0.0293494632202261	-0.0182189217999014
GAAB092416-EPHI-622I-1	Abol	0.0319149806815293	0.0122653864230688
GAAB092415-EPHI-622I-1	Abol	0.0912133645659039	-0.0184535743126054
ORME040653-EPHI-622I-1	Metehara	-0.0278932035141634	-0.0217798989056978
GAAB092410-EPHI-622I-1	Abol	0.0948082134702911	-0.0286494472191511
GAAB092407-EPHI-622I-1	Abol	0.0620881786553861	-0.0255295947033465
GAAB092405-EPHI-622I-1	Abol	0.0929594898597226	-0.0477708137994198
SNSE072137-EPHI-622I-1	Secha	0.00167556953146027	-0.00232872300662634
GAAB092403-EPHI-622I-1	Abol	0.0657254787772549	-0.00842298018094316
ORAS040001-EPHI-622I-1	Asendabo	-0.0149770821132114	0.0102093939246352
GAAB092402-EPHI-622I-1	Abol	0.0796331064478087	-0.0200609626584325
GAAB092409-EPHI-622I-1	Abol	0.0637733598409942	-0.00332499081322648
ETMT570-EPHI-622I-1	Metehara	-0.00773926074597347	-0.0251855678020195
ETMT569-EPHI-622I-1	Metehara	-0.0062768716279889	0.0125073771711796
ETMT559-EPHI-622I-1	Metehara	-0.0299538162281732	-0.0351580396623501
SOER052755-EPHI-622I-1	Erer	-0.0015840941294509	-0.0121804640007197
ETMT558-EPHI-622I-1	Metehara	0.0307827053876562	0.0371968579173277
GAAB092408-EPHI-622I-1	Abol	0.0732642115851542	-0.0199877297063323
ETMT551-EPHI-622I-1	Metehara	-0.000382936448536954	-0.000190748951352673
ETMT550-EPHI-622I-1	Metehara	-0.0291513840519346	-0.023322593276738
ETMT549-EPHI-622I-1	Metehara	-0.0315957206800001	-0.0363141333363468
ETMT548-EPHI-622I-1	Metehara	0.00828076491952556	-0.0204963666420395
ETMT547-EPHI-622I-1	Metehara	0.00229532425021402	-0.0451892817042281
GAAB092564-EPHI-622I-1	Abol	0.0766716856883917	-0.0247562885260396
ETMT546-EPHI-622I-1	Metehara	-0.0170130993188469	-0.0263099058866918
GAAB092497-EPHI-622I-1	Abol	0.079005789530424	-0.0218186318272562
ETMT543-EPHI-622I-1	Metehara	-0.0213640025460065	0.00203186673147139
ETMT542-EPHI-622I-1	Metehara	-0.00516285747076629	-0.0180805150483879
ORME040670-EPHI-622I-1	Metehara	0.00179725033448277	-0.00658299020584843
ETMT540-EPHI-622I-1	Metehara	-0.0230991810303711	-0.0306308261096023
ETMT561-EPHI-622I-1	Metehara	-0.0320169920626696	-0.0338028849307991
ETMT539-EPHI-622I-1	Metehara	-0.0315957206800001	-0.0363141333363468
ETMT538-EPHI-622I-1	Metehara	-0.0175754410275832	0.00175291544217066
ETMT537-EPHI-622I-1	Metehara	-0.0181707438735096	-0.019304763461747
ETMT528-EPHI-622I-1	Metehara	0.0131204590142372	0.00500803233791465
SNSE072127-EPHI-622I-1	Secha	0.0216144095303349	-0.00105393003448594
ETMT526-EPHI-622I-1	Metehara	-0.0305317029243765	-0.0245698625136646
ETMT523-EPHI-622I-1	Metehara	-0.0311864698734651	-0.0359244339960647
ORME040689-EPHI-622I-1	Metehara	0.0362476873979895	-0.0259566286386523
ETMT521-EPHI-622I-1	Metehara	-0.0233106249507985	-0.0191775970535955
ETMT520-EPHI-622I-1	Metehara	-0.0347884601984774	-0.0210786527632745
GAAB092510-EPHI-622I-1	Abol	0.0719550933590894	-0.0198583454065683
ETMT516-EPHI-622I-1	Metehara	-0.0101702147307333	-0.0111040385925874
ET-SL-1512-EPHI-622I-1	sheele	-0.000872163697901093	-0.0220890848934332
ET-SL-1511-EPHI-622I-1	sheele	-0.000904926405911943	-0.0220784950150978
ET-SL-1510-EPHI-622I-1	sheele	-0.0100274121557098	-0.00848145023113675
ET-SL-1509-EPHI-622I-1	sheele	-0.0100274121557098	-0.00848145023113675
ET-SL-1502-EPHI-622I-1	sheele	0.016307510749729	0.0350458017760761
ET-SL-1501-EPHI-622I-1	sheele	-0.0388249306697442	-0.0187913795152304
ET-SL-1499-EPHI-622I-1	sheele	-0.0386672539804142	-0.0184645230842895
ORME040647-EPHI-622I-1	Metehara	0.0374850979419784	0.0201375080901386
ET-SL-1498-EPHI-622I-1	sheele	-0.00197175588544995	-0.00956980850761745
SNSE072136-EPHI-622I-1	Secha	0.00346502516430694	-0.018591552644052
ET-SL-1497-EPHI-622I-1	sheele	-0.0175402814341568	-0.0061698237150285
ET-SL-1494-EPHI-622I-1	sheele	0.000556278034994709	-0.00220120141911028
ET-SL-1493-EPHI-622I-1	sheele	-0.00778877589522932	-0.00666928402934455
ET-SL-1492-EPHI-622I-1	sheele	-0.00771248177345014	-0.00676706024061645
ET-SL-1491-EPHI-622I-1	sheele	0.000938732545243787	-0.00232305802919451
ET-SL-1489-EPHI-622I-1	sheele	-0.00769979136565826	-0.0067668913164491
ET-SL-1487-EPHI-622I-1	sheele	-0.0197831884084793	-0.0116331348049632
ET-SL-1485-EPHI-622I-1	sheele	-0.0204290676907046	-0.024141838210762
ET-SL-1484-EPHI-622I-1	sheele	-0.0220804255575557	-0.00992006414517241
ET-SL-1482-EPHI-622I-1	sheele	-0.0031806396959974	-0.00228192086929467
ET-SL-1481-EPHI-622I-1	sheele	-0.0197831884084793	-0.0116331348049632
SNSE072144-EPHI-622I-1	Secha	-0.0286907894387349	-0.00992357865421306
ET-SL-1480-EPHI-622I-1	sheele	-0.0197831884084793	-0.0116331348049632
ET-SL-1478-EPHI-622I-1	sheele	0.0180879827324253	0.00428566787998461
ET-SL-1476-EPHI-622I-1	sheele	0.00746606890847152	0.0139933720703424
SNSE072129-EPHI-622I-1	Secha	-0.0307223394181824	-0.0227037544953238
ET-SL-1473-EPHI-622I-1	sheele	-0.0130022642514994	-0.0194988067147028
ET-SL-1472-EPHI-622I-1	sheele	-0.0112797667298392	-0.0203299466162241
ET-SL-1470-EPHI-622I-1	sheele	-0.00878963646235882	-0.0160509032251105
GAAB092464-EPHI-622I-1	Abol	0.0626131180697987	-0.0236068471133057
ET-SL-1469-EPHI-622I-1	sheele	-0.00847334477792039	-0.0149922139600977
ET-SL-1467-EPHI-622I-1	sheele	-0.0338945482449011	-0.0139697925054468
ORME040610-EPHI-622I-1	Metehara	-0.0278932035141634	-0.0217798989056978
ET-SL-1463-EPHI-622I-1	sheele	-0.0345502376816066	-0.026455605736711
SOER052742-EPHI-622I-1	Erer	-0.0315957206800001	-0.0363141333363468
ET-SL-1460-EPHI-622I-1	sheele	-0.0278575217223154	0.0258346923325573
SNSE072148-EPHI-622I-1	Secha	0.0228739226914003	0.0235144382406102
ET-SL-1458-EPHI-622I-1	sheele	-0.0164838730798652	0.00184520355659671
ET-SL-1455-EPHI-622I-1	sheele	-0.014950084435309	-0.00883519456211969
ET-SL-1411-EPHI-622I-1	sheele	-0.000887527529482542	-0.0220856431643974
ET-SL-1351-EPHI-622I-1	sheele	-0.0314648602460388	-0.0258961680485892
SND1071816-EPHI-622I-1	Dila	-0.00920924359904462	-0.0465789251506199
ET-SL-1319-EPHI-622I-1	sheele	0.00689342043508348	-0.000376591900208288
GAAB092530-EPHI-622I-1	Abol	0.0757031684226059	-0.00529997705874746
ET-SL-1262-EPHI-622I-1	sheele	0.00621585034184657	-0.00137449391665019
ET-SL-1257-EPHI-622I-1	sheele	-0.0113948790672115	0.00725032623279899
ET-SL-1227-EPHI-622I-1	sheele	-0.00196677512488629	-0.00957147509082587
ET-SL-1217-EPHI-622I-1	sheele	-0.0277661066821724	-0.0197862071859483
AMWO031519-EPHI-622I-1	Woreta	-0.00312288713069132	0.0426157653616614
AMWO031509-EPHI-622I-1	Woreta	0.00972100796751661	0.108371848193624
AMAN030946-EPHI-622I-1	Andansa	-0.0299134420324133	0.0421864097859668
ORAS040030-EPHI-622I-1	Asendabo	-0.000798400672223715	-0.0010691725251408
AMJI031225-EPHI-622I-1	Jiga	-0.0191626294776878	0.0118473586828896
AMJI031316-EPHI-622I-1	Jiga	0.00961701279847919	0.109032372213865
AMJI031308-EPHI-622I-1	Jiga	0.00961701279847919	0.109032372213865
ORME040677-EPHI-622I-1	Metehara	-0.0196917621937057	-0.018413332768019
AMJI031306-EPHI-622I-1	Jiga	-0.0197296224111508	0.0260874321376529
AMAN031021-EPHI-622I-1	Andansa	0.008439360088812	0.0279326952904414
ORME040684-EPHI-622I-1	Metehara	-0.0308514176602272	-0.0368446798095707
AMJI031332-EPHI-622I-1	Jiga	0.00258930433521839	-0.0145529365698443
SNSE072117-EPHI-622I-1	Secha	-0.0312315431562674	-0.0226389774437477
GAAB092549-EPHI-622I-1	Abol	0.0754410940298401	-0.0171588240858046
GAAB092538-EPHI-622I-1	Abol	0.0658093262270031	-0.0145566914609653
AMJI031298-EPHI-622I-1	Jiga	-0.022793127630626	-0.0050260432028714
AMJI031296-EPHI-622I-1	Jiga	-0.0331253723884899	-0.00579552914837401
ET-LT-896-EPHI-622I-1	Lante	0.0166682042952581	-0.00707196539355449
AMJI031282-EPHI-622I-1	Jiga	0.00723747280978541	0.0307428581090048
AMWO031523-EPHI-622I-1	Woreta	-0.00825784972950119	0.013676963898143
SNSE072142-EPHI-622I-1	Secha	-0.00448096924579345	0.00348617136287848
AMJI031280-EPHI-622I-1	Jiga	0.00962065061633577	0.108999482086365
AMJI031274-EPHI-622I-1	Jiga	0.00961701279847919	0.109032372213865
ET-MT-388-EPHI-622I-1	Metehara	-0.00206211465176535	-0.0202051339314527
AMJI031268-EPHI-622I-1	Jiga	0.0117321758571666	0.0757464437185661
AMJI031259-EPHI-622I-1	Jiga	0.00768445666832823	0.0718304612567431
AMJI031323-EPHI-622I-1	Jiga	-0.0353707478853924	-0.00333387388452212
AMJI031210-EPHI-622I-1	Jiga	-0.0282707626155423	0.000784128560454313
AMJI031214-EPHI-622I-1	Jiga	-0.0236240698774065	-0.00487645793637811
ET-MT-480-EPHI-622I-1	Metehara	-0.0462634985275031	-0.0180452819211052
AMJI031256-EPHI-622I-1	Jiga	0.0119510185465251	0.0185548155815195
GAAB092522-EPHI-622I-1	Abol	0.0621930932632914	-0.0283025120030082
AMAN030930-EPHI-622I-1	Andansa	-0.0321967813800892	0.00901310776566117
ET-MT-485-EPHI-622I-1	Metehara	-0.0149226560424443	-0.015233590762703
GAAB092462-EPHI-622I-1	Abol	0.0798824848991841	-0.028442322801301
AMJI031253-EPHI-622I-1	Jiga	0.00964870485570908	0.108996209281496
AMJI031249-EPHI-622I-1	Jiga	0.0119663823781066	0.0185513738524837
ET-SL-1466-EPHI-622I-1	sheele	-0.00884288103234495	-0.0160277900411685
AMJI031287-EPHI-622I-1	Jiga	0.00244160296883466	0.00682502577325673
SNSE072138-EPHI-622I-1	Secha	-0.0156391673469567	-0.0134829194568361
AMJI031247-EPHI-622I-1	Jiga	-0.0352615232226243	-0.00303858199715942
ETMT535-EPHI-622I-1	Metehara	-0.00296711420259724	0.00218608001389115
ET-LT-745-EPHI-622I-1	Lante	-0.0013658890373722	-0.0698571839836684
ORME040644-EPHI-622I-1	Metehara	-0.0182871025579087	-0.00878879682296457
AMJI031277-EPHI-622I-1	Jiga	0.033915483235421	0.0198381937079377
AMJI031250-EPHI-622I-1	Jiga	0.00961701279847919	0.109032372213865
AMAN030972-EPHI-622I-1	Andansa	-0.015559001179071	0.0127868353511945
GAAB092536-EPHI-622I-1	Abol	0.0812389046540352	-0.0322751591684341
GAAB092438-EPHI-622I-1	Abol	0.0592170258603151	-0.00486154460644951
AMJI031245-EPHI-622I-1	Jiga	-0.00688160923850734	0.0554610872352648
ET-LT-707-EPHI-622I-1	Lante	-0.00135052520579076	-0.0698606257127042
ET-SL-1461-EPHI-622I-1	sheele	-0.0278294674829421	0.0258314195276888
AMJI031242-EPHI-622I-1	Jiga	-0.0168423354297951	0.0200733425361965
ORME040628-EPHI-622I-1	Metehara	-0.0337412237399279	-0.0282673755195267
AMJI031300-EPHI-622I-1	Jiga	-0.0238824987399609	-0.00562970753452262
ETMT566-EPHI-622I-1	Metehara	-0.033025200252208	-0.00312240855095472
AMJI031236-EPHI-622I-1	Jiga	-0.0111559364221557	0.0262760110824668
SOER052725-EPHI-622I-1	Erer	-0.022232991350355	-0.0184489215025289
AMWO031527-EPHI-622I-1	Woreta	0.00941596237874567	0.0462275697426121
ORBA040305-EPHI-622I-1	Batu	-0.0173438080151094	0.00591823616187789
AMJI031235-EPHI-622I-1	Jiga	-0.0168423354297951	0.0200733425361965
AMJI031234-EPHI-622I-1	Jiga	-0.00829261457176022	0.00908606820533512
ET-LT-734-EPHI-622I-1	Lante	0.0137563472523361	-0.0142200732923708
GAAB092512-EPHI-622I-1	Abol	0.072249958421083	-0.0306583388010866
ET-SL-1483-EPHI-622I-1	sheele	-0.00319600352757885	-0.00227847914025886
ORME040630-EPHI-622I-1	Metehara	-0.0300837565301036	-0.0347407553937406
AMJI031319-EPHI-622I-1	Jiga	-0.0058524621815341	0.0349214732947106
AMAN030990-EPHI-622I-1	Andansa	0.00409612116996859	0.0214753323425033
ORAS040027-EPHI-622I-1	Asendabo	-0.0243602349884775	-0.0100616583076522
AMJI031226-EPHI-622I-1	Jiga	0.0119510185465251	0.0185548155815195
ET-LT-827-EPHI-622I-1	Lante	-0.00136588903737221	-0.0698571839836684
AMJI031257-EPHI-622I-1	Jiga	-0.0238683570614489	-0.00556282644502669
AMWO031624-EPHI-622I-1	Woreta	-0.0134112590510637	0.0434347316424643
SOER052716-EPHI-622I-1	Erer	0.00203113030134322	-0.00650651611020613
AMJI031221-EPHI-622I-1	Jiga	-0.0311824654215751	0.00529403556774544
AMAN031013-EPHI-622I-1	Andansa	-0.0335008551245454	-0.00301236612582599
ORME040675-EPHI-622I-1	Metehara	0.0056142837156095	0.0803359679538599
ORAS040003-EPHI-622I-1	Asendabo	-0.0455494476078296	-0.0166990491928164
ET-LT-706-EPHI-622I-1	Lante	-0.00136588903737219	-0.0698571839836684
AMJI031213-EPHI-622I-1	Jiga	-0.0140533878502609	0.00607608102895705
ORBA040337-EPHI-622I-1	Batu	-0.025062965002724	-0.0300441314799043
AMJI031227-EPHI-622I-1	Jiga	0.0105937078091402	0.107432453958205
ET-SL-1490-EPHI-622I-1	sheele	-0.0277661066821724	-0.0197862071859483
AMJI031240-EPHI-622I-1	Jiga	-0.0240322219855575	-0.0062967069126561
GAAB092472-EPHI-622I-1	Abol	0.0240798278602836	0.0142467040745154
ET-LT-921-EPHI-622I-1	Lante	-0.0315983826045003	-0.0363129681923567
AMJI031208-EPHI-622I-1	Jiga	-0.0320060515395677	0.00146875800534506
AMJI031310-EPHI-622I-1	Jiga	0.00961701279847918	0.109032372213865
GAAB092413-EPHI-622I-1	Abol	0.064686880052218	0.0043170472796672
AMJI031206-EPHI-622I-1	Jiga	-0.034130414310862	2.05452919139945e-05
AMWO031503-EPHI-622I-1	Woreta	0.00901292878095001	0.0134107213503674
AMAN030982-EPHI-622I-1	Andansa	-0.0256293979434813	0.0428699964913852
GAAB092518-EPHI-622I-1	Abol	0.074768614269114	-0.0193125462780502
AMAN030929-EPHI-622I-1	Andansa	-0.0159115969396207	0.0515185952406289
ORAS040014-EPHI-622I-1	Asendabo	-0.01821690522654	0.0162738906372865
ET-MT-502-EPHI-622I-1	Metehara	-0.0369186648610136	-0.013871569710634
ORBA040307-EPHI-622I-1	Batu	0.0171461285826753	0.0217134381414188
AMAN030963-EPHI-622I-1	Andansa	0.00479322935064568	0.0671831065885631
AMJI031270-EPHI-622I-1	Jiga	-0.0165734390416394	0.0201179425989457
AMJI031254-EPHI-622I-1	Jiga	-0.0210733951614308	0.00924492358961517
AMJI031294-EPHI-622I-1	Jiga	0.00904642663521879	0.0710599319969447
AMAN030936-EPHI-622I-1	Andansa	-0.0256293979434813	0.0428699964913852
AMJI031211-EPHI-622I-1	Jiga	-0.0317601121638865	0.00530228424212409
AMJI031237-EPHI-622I-1	Jiga	-0.0152924170150228	0.0145908950530995
AMJI031229-EPHI-622I-1	Jiga	0.00955904508483884	0.108552432529616
SND1071814-EPHI-622I-1	Dila	-0.0137230158139117	-0.0303939416883373
AMJI031297-EPHI-622I-1	Jiga	-0.0252877074035706	0.0135337920252998
AMAN030996-EPHI-622I-1	Andansa	0.0100055886261985	0.065483612372707
AMAN030931-EPHI-622I-1	Andansa	-0.00542137369189929	0.0543266422625217
AMJI031288-EPHI-622I-1	Jiga	-0.0025275217068339	0.0729351521892715
AMWO031621-EPHI-622I-1	Woreta	-0.0134112590510637	0.0434347316424643
ET-LT-602-EPHI-622I-1	Lante	-0.00830232351627216	-0.00629314011939527
ET-SL-1503-EPHI-622I-1	sheele	0.0163228745813104	0.0350423600470403
AMJI031263-EPHI-622I-1	Jiga	0.00964459407558574	0.106066866948177
ORBA040302-EPHI-622I-1	Batu	-0.0315957206800001	-0.0363141333363469
ET-MT-387-EPHI-622I-1	Metehara	0.00721923783879908	-0.0224943507176246
ET-SL-1456-EPHI-622I-1	sheele	-0.0066063828427795	-0.00793316292682361
AMAN030944-EPHI-622I-1	Andansa	0.00961701279847918	0.109032372213865
AMAN031018-EPHI-622I-1	Andansa	0.00316272407464697	0.0286409650563011
ET-LT-583-EPHI-622I-1	Lante	-0.00136588903737218	-0.0698571839836684
ORME040694-EPHI-622I-1	Metehara	-0.00870705505606591	-0.0071778373180761
ETMT560-EPHI-622I-1	Metehara	-0.00199790998369457	-0.0243854823459293
AMAN030943-EPHI-622I-1	Andansa	-0.0310763096011849	0.0434056353160792
AMAN031004-EPHI-622I-1	Andansa	0.00406826385621207	0.0760765505462285
ORME040617-EPHI-622I-1	Metehara	-0.0102607170881518	-0.0181597243341697
AMAN030956-EPHI-622I-1	Andansa	-0.0311984531932061	0.0430624510617549
ORME040700-EPHI-622I-1	Metehara	0.0292956222526674	0.0362575945728824
AMJI031262-EPHI-622I-1	Jiga	-0.0175512064422435	0.0200551444792734
ET-MT-469-EPHI-622I-1	Metehara	-0.0282619718393768	-0.00491839239228113
AMJI031217-EPHI-622I-1	Jiga	-0.0351439251021371	-0.0026927523023979
AMAN030949-EPHI-622I-1	Andansa	0.00401053171449811	0.0188870136522298
AMAN030985-EPHI-622I-1	Andansa	-0.0309888752674084	0.0389463945958463
AMAN030939-EPHI-622I-1	Andansa	0.00310500192917978	0.0233358520329958
AMAN030905-EPHI-622I-1	Andansa	0.00723345382789438	0.0307449249738785
AMJI031273-EPHI-622I-1	Jiga	-0.0232189822596863	-0.00683305821350168
AMAN030906-EPHI-622I-1	Andansa	-0.0149790971899895	0.0455693582141683
ET-SL-1508-EPHI-622I-1	sheele	-0.00957957301231769	-0.00767791173062606
ET-LT-886-EPHI-622I-1	Lante	-0.00137930778292472	-0.0698522152250289
ET-MT-477-EPHI-622I-1	Metehara	-0.0112139379444904	0.001496997584694
AMAN030917-EPHI-622I-1	Andansa	0.00980165238527653	0.0285941308805803
AMAN031006-EPHI-622I-1	Andansa	0.00371051267730532	0.0309171390154164
AMWO031518-EPHI-622I-1	Woreta	-0.0193355487476367	0.0389846539842231
AMJI031279-EPHI-622I-1	Jiga	-0.0292575194629347	-0.000510096520655784
AMJI031244-EPHI-622I-1	Jiga	0.00480562582928771	0.0517869919650161
ET-LT-765-EPHI-622I-1	Lante	-0.00136588903737217	-0.0698571839836684
AMJI031246-EPHI-622I-1	Jiga	-0.0332705095517013	1.11246110034687e-06
AMJI031204-EPHI-622I-1	Jiga	0.00961701279847919	0.109032372213865
ET-SL-1322-EPHI-622I-1	sheele	-0.00188236238797954	-0.00583014409516809
AMAN030958-EPHI-622I-1	Andansa	-0.00320628301604505	0.0367971102872639
SOER052766-EPHI-622I-1	Erer	-0.0315300504387304	-0.0363435239157647
AMJI031314-EPHI-622I-1	Jiga	-0.032008713464068	0.00146992314933519
ORBA040331-EPHI-622I-1	Batu	-0.0298280797854305	-0.0110418189214584
GAAB092529-EPHI-622I-1	Abol	0.0686996753943328	-0.0299833748318822
AMAN030932-EPHI-622I-1	Andansa	-0.00172072397211354	0.00945927333362435
ORAS040013-EPHI-622I-1	Asendabo	-0.01821690522654	0.0162738906372866
AMWO031534-EPHI-622I-1	Woreta	-0.0306754401524293	0.0104028074274969
GAAB092527-EPHI-622I-1	Abol	0.0810178768160068	-0.0361176842913574
AMJI031292-EPHI-622I-1	Jiga	0.00961701279847918	0.109032372213865
AMAN030981-EPHI-622I-1	Andansa	0.00831313159392237	0.0356066490391387
AMAN030991-EPHI-622I-1	Andansa	-0.0273964622438297	0.00238384519985955
AMAN030911-EPHI-622I-1	Andansa	-0.0189593596583212	0.0289766101334862
AMAN030909-EPHI-622I-1	Andansa	-0.0117316630830065	0.00932572869415156
SOER052775-EPHI-622I-1	Erer	-0.0315957206800001	-0.0363141333363469
AMWO031626-EPHI-622I-1	Woreta	-0.0104292295860093	0.0363756715733975
AMWO031582-EPHI-622I-1	Woreta	-0.0205448632768189	0.0471360703473813
AMJI031278-EPHI-622I-1	Jiga	0.0297381845538445	0.023982134145981
ET-SL-1495-EPHI-622I-1	sheele	-0.0175683356735301	-0.00616655091016003
ET-LT-771-EPHI-622I-1	Lante	0.00894321407352291	-0.0274166285518548
AMJI031230-EPHI-622I-1	Jiga	-0.0351252379520912	-0.0026285166533392
SNSE072119-EPHI-622I-1	Secha	-0.0397208480422389	-0.0215507000055213
AMWO031567-EPHI-622I-1	Woreta	-0.0162716441709697	0.0353297607461848
AMAN030953-EPHI-622I-1	Andansa	-0.0310789715256852	0.0434068004600694
GAAB092480-EPHI-622I-1	Abol	0.039869577861533	-0.0158664637676999
AMAN031015-EPHI-622I-1	Andansa	-0.0102488921584552	0.00889768673273069
ET-LT-946-EPHI-622I-1	Lante	0.0144039858234061	-0.00929630238613305
AMJI031276-EPHI-622I-1	Jiga	0.00961701279847919	0.109032372213865
AMJI031228-EPHI-622I-1	Jiga	-0.0236388265864886	0.00443029992041611
ORME040667-EPHI-622I-1	Metehara	-0.0282180984726361	-0.0202774233970668
ORAS040011-EPHI-622I-1	Asendabo	-0.01821690522654	0.0162738906372866
3d7-1000-EPHI-622I-1	NA	0.0902343017946834	-0.0275103360465196
ET-LT-984-EPHI-622I-1	Lante	-0.00130857842266409	0.000183021537028515
AMAN030904-EPHI-622I-1	Andansa	-0.0371457583921207	0.00891721967872895
AMAN030921-EPHI-622I-1	Andansa	-0.0256293979434813	0.0428699964913852
AMAN030919-EPHI-622I-1	Andansa	-0.00383056267426539	0.0258132985167987
GAAB092427-EPHI-622I-1	Abol	0.0312602205938957	-0.0140748642757709
AMJI031295-EPHI-622I-1	Jiga	0.00237896360036065	0.055901767416457
AMAN030954-EPHI-622I-1	Andansa	-0.030647869128135	0.0390813675619897
ORME040673-EPHI-622I-1	Metehara	-0.0238961379611195	-0.0267532024945229
AMAN031024-EPHI-622I-1	Andansa	-0.0203025552523293	0.0392795232644273
AMAN030975-EPHI-622I-1	Andansa	0.019625322168502	0.0456597440139362
ET-MT-478-EPHI-622I-1	Metehara	-0.0154369984937165	-0.0408100194899981
AMAN030947-EPHI-622I-1	Andansa	-0.00225463554940348	0.0504681660255858
GAAB092468-EPHI-622I-1	Abol	0.082794435082143	-0.00776503096361681
AMAN030983-EPHI-622I-1	Andansa	0.0100055886261985	0.065483612372707
ET-MT-500-EPHI-622I-1	Metehara	-0.0330735309972981	-0.0243613633858833
AMAN030962-EPHI-622I-1	Andansa	-0.0137037898795535	0.0276471472280145
GAAB092401-EPHI-622I-1	Abol	0.0796766407631675	-0.0202041934526637
AMAN030988-EPHI-622I-1	Andansa	0.0100055886261985	0.065483612372707
AMAN030942-EPHI-622I-1	Andansa	-0.0137308359153115	-0.00122199007804308
SNSE072107-EPHI-622I-1	Secha	0.00503930578679732	0.00135882952638843
AMWO031526-EPHI-622I-1	Woreta	0.000216809240450272	0.0447413827027044
AMAN030907-EPHI-622I-1	Andansa	-0.00658294376918254	0.00438908933185781
ORME040609-EPHI-622I-1	Metehara	-0.0158738639963261	-0.0219700192652069
AMAN030937-EPHI-622I-1	Andansa	-0.0157469870731555	0.0522882922614233
ET-LT-1002-EPHI-622I-1	Lante	-0.00165661827603025	-0.00271029555209237
ET-MT-471-EPHI-622I-1	Metehara	-0.0467002210932307	-0.0174402923010787
ORAS040022-EPHI-622I-1	Asendabo	-0.0337173886600029	-0.030296994698964
AMJI031272-EPHI-622I-1	Jiga	-0.0168369640458721	0.0200732032838923
GAAB092460-EPHI-622I-1	Abol	0.0652011290279028	-0.0268917223918125
AMJI031239-EPHI-622I-1	Jiga	-0.0208084811166287	-0.00336920987211121
AMAN030987-EPHI-622I-1	Andansa	-0.00707562468214278	-0.00311828921112558
AMJI031220-EPHI-622I-1	Jiga	-0.0331962727784217	0.00445387993980487
AMWO031512-EPHI-622I-1	Woreta	0.00723345382789438	0.0307449249738785
AMJI031290-EPHI-622I-1	Jiga	-0.00359106751369904	0.0147003409759894
ET-MT-377-EPHI-622I-1	Metehara	-0.0147325685320311	-0.0188825564343882
GAAB092533-EPHI-622I-1	Abol	0.0621911373319939	-0.0129123234024472
AMWO031627-EPHI-622I-1	Woreta	-0.0131681976281671	0.0430139802054848
AMAN030922-EPHI-622I-1	Andansa	-0.031033051333365	0.0429768148377863
GAAB092465-EPHI-622I-1	Abol	0.0783642501356257	-0.0225987810463879
ET-SL-1500-EPHI-622I-1	sheele	-0.0386525472977063	-0.0185010906702651
AMJI031291-EPHI-622I-1	Jiga	-0.0351367177061029	-0.00269656288682528
ETMT522-EPHI-622I-1	Metehara	-0.0287542537437623	-0.00768118560161621
ET-LT-828-EPHI-622I-1	Lante	-0.00136588903737217	-0.0698571839836684
GAAB092486-EPHI-622I-1	Abol	0.0473345322756975	-0.0255162517149431
AMAN030920-EPHI-622I-1	Andansa	-0.00863611009360109	0.00474163837644809
AMAN030951-EPHI-622I-1	Andansa	-0.0234189349725058	0.0137597172613092
AMJI031266-EPHI-622I-1	Jiga	-0.0320652559331141	0.00525167206637705
AMWO031510-EPHI-622I-1	Woreta	-0.0196260213255297	0.0436540895899988
AMAN030973-EPHI-622I-1	Andansa	0.00133443952944819	0.0139193086466589
AMAN030945-EPHI-622I-1	Andansa	-0.00643590623062823	0.0127155327075192
AMWO031511-EPHI-622I-1	Woreta	0.0179410487918926	0.00910959501870623
ET-MT-083-EPHI-622I-1	Metehara	-0.0258956324677967	-0.0172305026554857
ET-LT-854-EPHI-622I-1	Lante	-0.0224471276107849	-0.00876115059023707
AMAN030913-EPHI-622I-1	Andansa	-0.0192167578895031	0.0304632070188946
ET-MT-251-EPHI-622I-1	Metehara	-0.0303226116887892	-0.0243862626721629
AMAN030903-EPHI-622I-1	Andansa	-0.0054213736918993	0.0543266422625217
ET-SL-1457-EPHI-622I-1	sheele	-0.00762140065610926	-0.0088676888130066
ET-MT-419-EPHI-622I-1	Metehara	-0.0149223530017297	0.00299207512055326
AMAN031003-EPHI-622I-1	Andansa	-0.0162650169014692	0.00435428890407083
ORAS040004-EPHI-622I-1	Asendabo	-0.0249253972028238	-0.0148255924790036
AMAN030915-EPHI-622I-1	Andansa	0.00625470455543306	0.0503561522039984
AMAN030916-EPHI-622I-1	Andansa	-0.00794828722263622	0.0289220612878821
ET-MT-405-EPHI-622I-1	Metehara	-0.0206999530052944	-0.00472440539266431
ET-MT-486-EPHI-622I-1	Metehara	0.00609087868317768	-0.0119546158686978
ET-SL-1496-EPHI-622I-1	sheele	-0.0175529718419487	-0.00616999263919585
AMAN030948-EPHI-622I-1	Andansa	-0.0256293979434813	0.0428699964913852
ET-LT-810-EPHI-622I-1	Lante	0.0197747313632171	0.00477136554480129
AMAN030969-EPHI-622I-1	Andansa	0.0008657824949714	0.0358082997028281
GAAB092420-EPHI-622I-1	Abol	0.0768590533430214	-0.000497264158296648
AMAN030980-EPHI-622I-1	Andansa	-0.0101453798061429	0.00853878628680842
ORME040652-EPHI-622I-1	Metehara	0.00889000332271916	0.0793851448181417
AMAN030998-EPHI-622I-1	Andansa	-0.031062167922673	0.0434725164055752
GAAB092488-EPHI-622I-1	Abol	0.0873471721625449	-0.0297350286510737
AMAN031012-EPHI-622I-1	Andansa	-0.0256293979434813	0.0428699964913852
AMAN030934-EPHI-622I-1	Andansa	-0.00285172140424662	0.0406567014907166
AMJI031216-EPHI-622I-1	Jiga	-0.0352588612981241	-0.00303974714114956
ET-SL-1233-EPHI-622I-1	sheele	-0.00727408648545554	-0.0127919562956881
AMJI031218-EPHI-622I-1	Jiga	-0.0348502346041752	-0.00194658609354925
ET-LT-712-EPHI-622I-1	Lante	-0.0395813176567983	-0.0252952667655238
AMJI031264-EPHI-622I-1	Jiga	0.00961701279847919	0.109032372213865
AMAN030925-EPHI-622I-1	Andansa	-0.0299640044673835	0.0420786572007414
AMAN031007-EPHI-622I-1	Andansa	-0.031062167922673	0.0434725164055752
AMAN030964-EPHI-622I-1	Andansa	0.0127984944272197	0.0634032815802641
AMJI031321-EPHI-622I-1	Jiga	0.00872871449216151	0.108246634271172
SOER052734-EPHI-622I-1	Erer	-0.0224303134799741	-0.0252466395596943
GAAB092537-EPHI-622I-1	Abol	0.0664757132476613	-0.0210737277412805
AMAN030979-EPHI-622I-1	Andansa	-0.0313067019626178	0.0427354341908822
AMJI031223-EPHI-622I-1	Jiga	-0.0241747114409912	-0.00765107678112056
ET-MT-408-EPHI-622I-1	Metehara	-0.00884614074894453	-0.0236051570029026
ET-MT-422-EPHI-622I-1	Metehara	-0.0304224529232494	-0.0331008793714331
AMAN030961-EPHI-622I-1	Andansa	0.00826786030881191	0.106759582490116
ETMT562-EPHI-622I-1	Metehara	-0.00859090221073906	-0.0238344640239181
AMJI031271-EPHI-622I-1	Jiga	-0.00341919890290224	0.0486362211029005
AMAN030952-EPHI-622I-1	Andansa	-0.00130902332706422	-0.00150786427580817
ORME040633-EPHI-622I-1	Metehara	-0.0189082660954156	-0.0304617588240303
ET-SL-1474-EPHI-622I-1	sheele	-0.0147874900140128	-0.0183037596852421
AMAN030966-EPHI-622I-1	Andansa	0.0130502953282695	0.0124726569622237
AMAN031027-EPHI-622I-1	Andansa	0.00877884712289548	0.0412763398990349
AMJI031318-EPHI-622I-1	Jiga	0.00509100905491301	0.0177497572292063
GAAB092528-EPHI-622I-1	Abol	0.0696527565676946	-0.00687305281132323
ET-MT-390-EPHI-622I-1	Metehara	-0.0159750660051659	-0.0220317040744084
AMAN030940-EPHI-622I-1	Andansa	-0.0310789715256852	0.0434068004600694
SOER052739-EPHI-622I-1	Erer	0.0140991974026068	0.0167572474489891
SNDI071804-EPHI-622I-1	Dila	0.00069462639357302	-0.0118526911664999
AMJI031203-EPHI-622I-1	Jiga	0.0309880501983761	0.00279944961279358
ET-SL-1224-EPHI-622I-1	sheele	-0.0277661066821724	-0.0197862071859483
AMJI031248-EPHI-622I-1	Jiga	0.00961701279847919	0.109032372213865
AMAN030971-EPHI-622I-1	Andansa	0.00843208811843645	0.0279359212459417
AMJI031243-EPHI-622I-1	Jiga	0.00526102618863347	0.0510047592957098
ET-LT-843-EPHI-622I-1	Lante	-0.00791254571107836	-0.00717341716908064
ORME040663-EPHI-622I-1	Metehara	-0.0157032098489526	-0.0063010315264192
GAAB092440-EPHI-622I-1	Abol	0.024519782624865	0.0121772202778008
ET-SL-1464-EPHI-622I-1	sheele	-0.0354873763765177	-0.0260209550015317
ET-SL-1200-EPHI-622I-1	sheele	-0.0136173689938572	-0.00550652359621375
GAAB092406-EPHI-622I-1	Abol	0.0439032571138939	-0.00146262410988961
AMAN030914-EPHI-622I-1	Andansa	-0.0140543639013453	0.00193426333218871
AMAN031000-EPHI-622I-1	Andansa	0.0112312681238429	0.0467211345079531
ETMT565-EPHI-622I-1	Metehara	-0.0419417195092672	-0.020907747128998
AMWO031586-EPHI-622I-1	Woreta	-0.0205448632768189	0.0471360703473814
AMAN030978-EPHI-622I-1	Andansa	-0.00867242632443987	0.0284657217983676
AMAN030918-EPHI-622I-1	Andansa	-0.0262019859022109	-0.008184985706359
ORME040602-EPHI-622I-1	Metehara	-0.0187302604842471	-0.0172082244532476
SOER052712-EPHI-622I-1	Erer	0.00202719550041675	-0.00650542309923273
ORME040688-EPHI-622I-1	Metehara	-0.0278651492747901	-0.0217831717105663
AMAN030989-EPHI-622I-1	Andansa	0.0100824561847858	0.0379876173567791
SOER052711-EPHI-622I-1	Erer	-0.0315957206800001	-0.0363141333363469
ET-MT-423-EPHI-622I-1	Metehara	-0.0103133112684103	-0.0316386950595881
AMJI031251-EPHI-622I-1	Jiga	0.00932657571195954	0.108945192452142
ET-SL-1159-EPHI-622I-1	sheele	-0.0315957206800001	-0.0363141333363469
ETMT518-EPHI-622I-1	Metehara	-0.0157946455054516	-0.0251007742277101
ET-SL-1119-EPHI-622I-1	sheele	-0.0298345376121656	-0.0198461031873225
ORME040698-EPHI-622I-1	Metehara	0.023148486390088	-0.00716833569832635
AMAN030957-EPHI-622I-1	Andansa	0.00316272407464697	0.0286409650563011
AMAN030908-EPHI-622I-1	Andansa	0.0077940282618775	0.0271225492593849
ET-SL-1488-EPHI-622I-1	sheele	-0.0197831884084793	-0.0116331348049632
AMWO031564-EPHI-622I-1	Woreta	-0.0467002210932307	-0.0174402923010787
ORAS040005-EPHI-622I-1	Asendabo	-0.0305780478637096	0.0441708051106292
AMAN031022-EPHI-622I-1	Andansa	-0.010411563935092	0.0321606287317239
SNSE072108-EPHI-622I-1	Secha	-0.0249763639452875	-0.0101346189149007
GAAB092489-EPHI-622I-1	Abol	0.0870575183027914	-0.0319416736506279
AMAN031008-EPHI-622I-1	Andansa	0.00750164664119392	0.0548063250171264
ORAS040008-EPHI-622I-1	Asendabo	-0.00718238557818349	0.0391064676184538
AMAN030993-EPHI-622I-1	Andansa	-0.00541773587404272	0.0542937521350214
ORME040695-EPHI-622I-1	Metehara	-0.00497558175225252	0.00322680890795092
AMAN030935-EPHI-622I-1	Andansa	-0.00284320545402831	0.00839043668796575
AMJI031238-EPHI-622I-1	Jiga	0.0421202490434406	-0.0158788714236824
AMAN030997-EPHI-622I-1	Andansa	0.00843304989710909	0.0279363215276069
ET-SL-1468-EPHI-622I-1	sheele	-0.0338945482449011	-0.0139697925054468
AMAN030926-EPHI-622I-1	Andansa	-0.00974770309564612	0.0313593003975263
AMJI031231-EPHI-622I-1	Jiga	-0.0298410625059012	0.000188523494030776
AMAN030999-EPHI-622I-1	Andansa	-0.0101332996557447	0.0493460299864208
AMAN031001-EPHI-622I-1	Andansa	0.00861183601859065	0.0597208577705137
ORME040619-EPHI-622I-1	Metehara	-0.0222876542741121	-0.0141837554181321
AMJI031267-EPHI-622I-1	Jiga	-0.0168369640458721	0.0200732032838923
ORME040674-EPHI-622I-1	Metehara	-0.0278540804099388	-0.0217868491690417
ETMT575-EPHI-622I-1	Metehara	-0.0336343603699775	-0.00368525103529212
AMAN031002-EPHI-622I-1	Andansa	0.0139604928469369	0.055299508242931
ORME040666-EPHI-622I-1	Metehara	-0.0278651492747901	-0.0217831717105663
ORME040643-EPHI-622I-1	Metehara	0.0302370975414451	0.0355860181154487
AMAN030924-EPHI-622I-1	Andansa	-0.031062167922673	0.0434725164055752
AMWO031508-EPHI-622I-1	Woreta	0.0013549003668191	0.046899710294046
AMWO031513-EPHI-622I-1	Woreta	-0.0402248697960565	-0.0143770219706375
AMAN030977-EPHI-622I-1	Andansa	-0.0233899926747562	-0.00256955246146869
AMJI031317-EPHI-622I-1	Jiga	0.0100571383732011	0.0222162568370696
AMWO031507-EPHI-622I-1	Woreta	0.0013549003668191	0.046899710294046
AMJI031224-EPHI-622I-1	Jiga	-0.0241747114409912	-0.00765107678112056
AMWO031554-EPHI-622I-1	Woreta	-0.0149371093977436	0.03922200811911
AMJI031265-EPHI-622I-1	Jiga	-0.0197256034292597	0.0260853652727792
ET-LT-985-EPHI-622I-1	Lante	-0.00122846344495637	-0.0698314956918288
ET-MT-399-EPHI-622I-1	Metehara	-0.0146529918687282	0.00425041693820433
GAAB092494-EPHI-622I-1	Abol	0.0797466073177714	-0.0328079200064049
ORME040662-EPHI-622I-1	Metehara	-0.0278932035141634	-0.0217798989056978
AMAN030927-EPHI-622I-1	Andansa	-0.019829860581979	0.00476883300350294
ET-LT-778-EPHI-622I-1	Lante	-0.000268855785999663	-0.044130466126926
AMJI031222-EPHI-622I-1	Jiga	-0.0241747114409912	-0.00765107678112056
ORME040611-EPHI-622I-1	Metehara	-0.0278651492747901	-0.0217831717105662
ET-SL-1462-EPHI-622I-1	sheele	-0.000859473290109214	-0.0220889159692659
AMAN031020-EPHI-622I-1	Andansa	-0.00185775046120649	0.0462107121998198
ET-MT-430-EPHI-622I-1	Metehara	-0.015900276373088	-0.0253362364307233
AMJI031322-EPHI-622I-1	Jiga	0.00961701279847919	0.109032372213865
AMAN030910-EPHI-622I-1	Andansa	-0.0256112279016126	-0.00843482273586055
AMAN031025-EPHI-622I-1	Andansa	0.0157413793339698	0.0295402186745562
AMJI031286-EPHI-622I-1	Jiga	-0.0163641100532357	0.0197014349430399
AMAN031026-EPHI-622I-1	Andansa	-0.00887864119805766	0.0241612600170989
AMWO031579-EPHI-622I-1	Woreta	-0.0196220023436387	0.043652022725125
AMAN031005-EPHI-622I-1	Andansa	-0.0113214399524458	0.0069453157212232
AMAN030965-EPHI-622I-1	Andansa	-0.00922899049425332	0.00388613632692753
AMWO031525-EPHI-622I-1	Woreta	0.0362516040769751	0.0189731280730818
GAAB092498-EPHI-622I-1	Abol	0.0890777334221267	-0.013446729389083
AMWO031532-EPHI-622I-1	Woreta	0.0179410487918926	0.00910959501870621
ORME040678-EPHI-622I-1	Metehara	0.0309534328785376	-0.0100111728028445
AMWO031533-EPHI-622I-1	Woreta	-0.025195403912774	-0.00938837467520851
ORBA040332-EPHI-622I-1	Batu	0.0158607580976843	0.0227798185180817
GAAB092509-EPHI-622I-1	Abol	0.0466578560366933	0.0197938869338602
AMWO031551-EPHI-622I-1	Woreta	0.025920600829945	0.0267616665964465
AMAN030938-EPHI-622I-1	Andansa	-0.0308178807386306	0.0441588849142237
ET-LT-911-EPHI-622I-1	Lante	-0.00133783479799886	-0.0698604567885369
ET-LT-989-EPHI-622I-1	Lante	-0.025423300888909	-0.000655745283738969
GAAB092534-EPHI-622I-1	Abol	0.0771635450517258	-0.0254402115372417
ET-SL-1479-EPHI-622I-1	sheele	-0.0129466247728877	-0.0188585510218884
ET-SL-1166-EPHI-622I-1	sheele	-0.01137951523563	0.00724688450376315
SNDI071805-EPHI-622I-1	Dila	-0.00687495774551423	-0.0260457373335903
ET-SL-1279-EPHI-622I-1	sheele	-0.00223632242819628	0.0191489372622251
AMWO031561-EPHI-622I-1	Woreta	-0.0207571418902005	0.0494496540335724
SND1071812-EPHI-622I-1	Dila	-0.0356655657584163	-0.0158401554575741
GAAB092521-EPHI-622I-1	Abol	0.0798203830510833	-0.0215283131819141
AMWO031580-EPHI-622I-1	Woreta	-0.018912364477126	0.0448249377897766
ET-LT-947-EPHI-622I-1	Lante	-0.00136588903737217	-0.0698571839836684
ORAS040021-EPHI-622I-1	Asendabo	-0.0201216042972874	-0.0157462268936336
AMWO031581-EPHI-622I-1	Woreta	-0.0205448632768189	0.0471360703473813
AMWO031628-EPHI-622I-1	Woreta	-0.0134018686852498	0.0434325255252864
AMWO031583-EPHI-622I-1	Woreta	-0.0205448632768189	0.0471360703473813
AMWO031587-EPHI-622I-1	Woreta	-0.0205448632768189	0.0471360703473813
ET-LT-714-EPHI-622I-1	Lante	-0.00094610413335342	-0.0690503726782892
ET-SL-1138-EPHI-622I-1	sheele	0.00910168440044115	-0.0113461500805501
ETMT534-EPHI-622I-1	Metehara	-0.0313907299657934	-0.0243726654019562
AMWO031589-EPHI-622I-1	Woreta	-0.0205448632768189	0.0471360703473813
AMJI031275-EPHI-622I-1	Jiga	0.00397213583362452	0.0475905455118744
AMWO031590-EPHI-622I-1	Woreta	-0.0205448632768189	0.0471360703473813
SOER052718-EPHI-622I-1	Erer	-0.0299862999548249	-0.0293097362358829
ORBA040312-EPHI-622I-1	Batu	-0.0184931713970829	-0.00528151232493291
AMWO031622-EPHI-622I-1	Woreta	-0.0134112590510637	0.0434347316424643
AMAN031019-EPHI-622I-1	Andansa	-0.012902234207607	0.0228721432741111
ET-LT-983-EPHI-622I-1	Lante	-0.00268380807244566	-0.00372638639152286
AMWO031625-EPHI-622I-1	Woreta	-0.0134112590510637	0.0434347316424643
GAAB092562-EPHI-622I-1	Abol	0.103298613913238	-0.00206704306204132
ET-SL-1150-EPHI-622I-1	sheele	-0.0298191737805841	-0.0198495449163583
SOER052730-EPHI-622I-1	Erer	-0.00615641458747113	0.0497682875061623
SND1071810-EPHI-622I-1	Dila	-0.0297410341049659	-0.00766658178391824
ET-LT-1003-EPHI-622I-1	Lante	-0.00188889413498337	-0.0537157134851303
SNSE072113-EPHI-622I-1	Secha	-0.0217894025637318	-0.00306999351194844
ET-MT-473-EPHI-622I-1	Metehara	-0.00641502962026747	0.0128135239283396
GAAB092503-EPHI-622I-1	Abol	0.0842232041136763	-0.0126312793387947
ET-LT-773-EPHI-622I-1	Lante	0.0081058248392375	0.000385233125693589
ET-LT-1004-EPHI-622I-1	Lante	0.0129759747278438	-0.0159133792408478
ET-LT-1006-EPHI-622I-1	Lante	0.0129913385594252	-0.0159168209698837
ET-LT-569-EPHI-622I-1	Lante	0.0153487632117681	-0.00400943910404021
GAAB092475-EPHI-622I-1	Abol	0.095074219871037	-0.0148632377721617
ET-LT-523-EPHI-622I-1	Lante	-0.00319670214361419	-0.0520466152496518
ET-LT-913-EPHI-622I-1	Lante	-0.00854413020812799	-0.0148913636368185
AMJI031215-EPHI-622I-1	Jiga	-0.0286841551541816	0.000406499513834471
AMAN030970-EPHI-622I-1	Andansa	-0.0162738451043674	0.0318626237153826
ET-MT-199-EPHI-622I-1	Metehara	-0.0313907299657934	-0.0243726654019562
ORME040691-EPHI-622I-1	Metehara	-0.00516285747076629	-0.0180805150483879
ET-LT-533-EPHI-622I-1	Lante	-0.0430657516656044	-0.0103186481483723
ET-LT-562-EPHI-622I-1	Lante	-0.00136588903737218	-0.0698571839836684
ET-LT-568-EPHI-622I-1	Lante	0.0153487632117681	-0.0040094391040402
ET-SL-1477-EPHI-622I-1	sheele	0.0180830019718617	0.00428733446319306
ET-LT-570-EPHI-622I-1	Lante	-0.0165503738699868	0.0094427964708603
AMWO031517-EPHI-622I-1	Woreta	0.0179410487918926	0.00910959501870621
AMAN030933-EPHI-622I-1	Andansa	-0.00160515076222924	0.0411254110280674
SNSE072139-EPHI-622I-1	Secha	-0.0398442178725815	-0.0174018542780369
ET-LT-589-EPHI-622I-1	Lante	-0.0277572478212981	-0.00964018185926097
ET-LT-590-EPHI-622I-1	Lante	-0.00136588903737218	-0.0698571839836684
GAAB092426-EPHI-622I-1	Abol	0.0404946751412377	0.0188931378041203
ET-LT-594-EPHI-622I-1	Lante	-0.0274949087101694	-0.00939582250806445
ORME040636-EPHI-622I-1	Metehara	0.0273104750129514	0.0343521171880675
ET-LT-624-EPHI-622I-1	Lante	-0.00133783479799884	-0.0698604567885369
ORME040659-EPHI-622I-1	Metehara	-0.0261075652407752	-0.0202540340732277
ET-SL-1409-EPHI-622I-1	sheele	-0.00779282972981054	-0.000911359271247811
ET-LT-665-EPHI-622I-1	Lante	0.0137567475457583	-0.0142183077669833
ET-LT-719-EPHI-622I-1	Lante	-0.00135052520579074	-0.0698606257127042
ET-SL-1406-EPHI-622I-1	sheele	-0.0083313550680693	-0.0100195810255761
ET-LT-700-EPHI-622I-1	Lante	-0.025423300888909	-0.000655745283738979
ET-LT-701-EPHI-622I-1	Lante	-0.0192239940393512	-0.0118723990653528
SNSE072104-EPHI-622I-1	Secha	-0.0265042210417701	-0.0192814516629291
ET-LT-702-EPHI-622I-1	Lante	-0.00133783479799885	-0.0698604567885369
ORBA040319-EPHI-622I-1	Batu	-0.0300837565301036	-0.0347407553937406
GAAB092511-EPHI-622I-1	Abol	0.0750304529126319	-0.0150862001349709
ET-LT-705-EPHI-622I-1	Lante	-0.00133783479799884	-0.0698604567885369
ETMT573-EPHI-622I-1	Metehara	0.0129737822579277	0.0100129848830214
3d7-2000-EPHI-622I-1	NA	0.0902343017946834	-0.0275103360465196
ET-LT-708-EPHI-622I-1	Lante	-0.00133783479799884	-0.0698604567885369
ORAS040017-EPHI-622I-1	Asendabo	-0.0206714746573195	0.00428959968470057
ET-SL-1475-EPHI-622I-1	sheele	0.00746606890847153	0.0139933720703424
ET-SL-1043-EPHI-622I-1	sheele	-0.0108711479072216	-0.00317768486961866
ET-SL-1505-EPHI-622I-1	sheele	-0.0189867924732282	0.0108220196553116
AMWO031601-EPHI-622I-1	Woreta	-0.0306643712875779	0.0103991299690216
ET-LT-587-EPHI-622I-1	Lante	0.0153706061016232	-0.00401155373469652
ET-LT-709-EPHI-622I-1	Lante	-0.000955015608828056	-0.0696698115600516
GAAB092520-EPHI-622I-1	Abol	0.0243898835233545	0.0321111973658351
AMAN030902-EPHI-622I-1	Andansa	-0.0310763096011849	0.0434056353160793
AMWO031588-EPHI-622I-1	Woreta	-0.0205448632768189	0.0471360703473813
AMAN031023-EPHI-622I-1	Andansa	0.0192070822263963	0.0369669488362561
ET-LT-720-EPHI-622I-1	Lante	-0.0025590458048915	-0.0570441494390241
ET-LT-731-EPHI-622I-1	Lante	-0.0013658890373722	-0.0698571839836684
AMWO031539-EPHI-622I-1	Woreta	0.00855768818197118	0.0116336295708652
ET-LT-798-EPHI-622I-1	Lante	-0.00865705081216097	-0.0133260981422789
GAAB092525-EPHI-622I-1	Abol	0.0348697917160585	-0.00534300724563392
ET-SL-1459-EPHI-622I-1	sheele	-0.0164838730798652	0.0018452035565967
AMAN031009-EPHI-622I-1	Andansa	0.00543496462229618	0.0375455500225754
ET-LT-909-EPHI-622I-1	Lante	-0.0013658890373722	-0.0698571839836684
ORME040635-EPHI-622I-1	Metehara	-0.0283854038507109	-0.0213285927067523
ORBA040333-EPHI-622I-1	Batu	-0.02969030501299	-0.0344624684617478
ETMT563-EPHI-622I-1	Metehara	0.0131397576467452	0.00500349759790542
ET-MT-421-EPHI-622I-1	Metehara	-0.0148096623104559	0.000593490161703884
ET-LT-749-EPHI-622I-1	Lante	-0.0388666751076508	-0.0141174080154673
ET-LT-758-EPHI-622I-1	Lante	0.0178650724821664	-0.00586083742205583
ET-MT-194-EPHI-622I-1	Metehara	-0.0205227914966477	-0.0256666666626223
AMWO031623-EPHI-622I-1	Woreta	-0.0134112590510637	0.0434347316424643
ET-LT-772-EPHI-622I-1	Lante	0.0081058248392375	0.000385233125693585
AMAN030968-EPHI-622I-1	Andansa	-0.00725673145687555	0.0259391565545484
ET-LT-928-EPHI-622I-1	Lante	0.0153840248471757	-0.00401652249333605
ORBA040311-EPHI-622I-1	Batu	-0.0131464115080223	-0.0182090199085495
ET-SL-1324-EPHI-622I-1	sheele	-0.00552992753268624	-0.00727165474643847
ET-LT-799-EPHI-622I-1	Lante	-0.0224751818501583	-0.00875787778536858
AMJI031283-EPHI-622I-1	Jiga	-0.00682364152486699	0.0559410269195132
ET-MT-429-EPHI-622I-1	Metehara	-0.0277409170894535	0.00575380549028146
ORME040697-EPHI-622I-1	Metehara	-0.0287541710896535	-0.0245270392692468
AMJI031255-EPHI-622I-1	Jiga	-0.0201428275019666	-0.004947594399243
ET-LT-785-EPHI-622I-1	Lante	0.0262312307691005	0.0122699554370217
ET-LT-800-EPHI-622I-1	Lante	-0.0220472247281223	-0.00795687616756447
AMAN030967-EPHI-622I-1	Andansa	-0.031062167922673	0.0434725164055752
ET-LT-806-EPHI-622I-1	Lante	-0.00271186231181899	-0.00372311358665437
ET-LT-831-EPHI-622I-1	Lante	-0.0224751818501583	-0.00875787778536858
ET-SL-1401-EPHI-622I-1	sheele	-0.00111776184669859	-0.00557371199405916
ET-LT-876-EPHI-622I-1	Lante	-0.00136588903737219	-0.0698571839836684
GAAB092425-EPHI-622I-1	Abol	0.0658421177874008	-0.0203116428991488
AMAN031011-EPHI-622I-1	Andansa	-0.0294480236976344	0.0439772164916272
ET-LT-965-EPHI-622I-1	Lante	-0.00209080766719806	-0.0711737754073661
ET-LT-891-EPHI-622I-1	Lante	0.0702772560531451	-0.0255867742002214
AMWO031563-EPHI-622I-1	Woreta	-0.0251797633474642	0.0422793329443738
ET-MT-331-EPHI-622I-1	Metehara	0.00755253746082514	-0.0149475490263586
ORAS040032-EPHI-622I-1	Asendabo	-0.0249303779633875	-0.0148239258957951
AMAN030928-EPHI-622I-1	Andansa	-0.0220749737807329	0.0127545531380742
AMWO031630-EPHI-622I-1	Woreta	-0.0134112590510637	0.0434347316424643
ET-LT-902-EPHI-622I-1	Lante	0.0684028192534436	-0.0267072971361329
AMAN031010-EPHI-622I-1	Andansa	-0.0258630165430498	0.0344152292371097
ET-SL-1039-EPHI-622I-1	sheele	-0.0260107214757138	-0.0172191866776471
ET-LT-781-EPHI-622I-1	Lante	-0.00136588903737219	-0.0698571839836684
ET-LT-905-EPHI-622I-1	Lante	0.057868054407793	-0.0192622363081781
SNSE072122-EPHI-622I-1	Secha	-0.0227855461279874	-0.0188078779345753
ET-LT-906-EPHI-622I-1	Lante	-0.0316003063746148	-0.0363291639297991
ET-LT-935-EPHI-622I-1	Lante	-0.0388585186721036	-0.0141170391600758
SND1071824-EPHI-622I-1	Dila	-0.0175131382350377	0.00892735909719236
ET-MT-436-EPHI-622I-1	Metehara	-0.0222972722209551	-0.0134029788685205
AMWO031555-EPHI-622I-1	Woreta	-0.00485459821396108	0.0324855897599851
ET-LT-936-EPHI-622I-1	Lante	0.00485348167468607	-0.00219459096341678
ORBA040338-EPHI-622I-1	Batu	0.0194071400759126	0.0183082637271769
AMJI031212-EPHI-622I-1	Jiga	0.0048016068473967	0.0517890588298898
ET-LT-762-EPHI-622I-1	Lante	0.0259404258038929	0.0123030125349808
ORME040660-EPHI-622I-1	Metehara	-0.0278932035141634	-0.0217798989056978
AMAN030959-EPHI-622I-1	Andansa	-0.0179063771344631	0.0430544599181871
AMAN031017-EPHI-622I-1	Andansa	-0.0267468979834904	-0.00913711832989336
ET-LT-957-EPHI-622I-1	Lante	-0.000241438571725051	-0.0699694707615521
ET-LT-964-EPHI-622I-1	Lante	-0.000687179231425262	-0.0696201943193943
ET-LT-974-EPHI-622I-1	Lante	-0.00267843668852271	-0.00372652564382704
SOER052746-EPHI-622I-1	Erer	-0.0167577112539939	-0.0144484386369438
ET-LT-980-EPHI-622I-1	Lante	0.00929341369962338	0.0509077744819077
ET-MT-427-EPHI-622I-1	Metehara	-0.00516285747076629	-0.0180805150483879
ET-LT-986-EPHI-622I-1	Lante	-0.00163467172485248	-0.0699143450332888
ET-LT-991-EPHI-622I-1	Lante	-0.00133783479799884	-0.0698604567885369
ORME040646-EPHI-622I-1	Metehara	-0.0278932035141634	-0.0217798989056978
GAAB092515-EPHI-622I-1	Abol	0.0861594906763609	-0.0266142713042782
ET-SL-1507-EPHI-622I-1	sheele	-0.0189867924732282	0.0108220196553116
ET-LT-999-EPHI-622I-1	Lante	-0.00255788596867487	-0.004005603868852
ORAS040026-EPHI-622I-1	Asendabo	-0.0238381713185097	-0.0116610082054402
AMJI031232-EPHI-622I-1	Jiga	-0.0168423354297951	0.0200733425361965
AMWO031547-EPHI-622I-1	Woreta	0.0384896203164254	0.0210411282990603
ORBA040326-EPHI-622I-1	Batu	-0.0295614291399296	-0.010913598507588
ET-LT-738-EPHI-622I-1	Lante	-0.00136588903737218	-0.0698571839836684
AMAN030912-EPHI-622I-1	Andansa	-0.030808000603683	0.0441463167544251
ORAS040016-EPHI-622I-1	Asendabo	-0.0251334353443483	-0.0120489996986681
GAAB092481-EPHI-622I-1	Abol	0.0863654151216482	-0.00493837698824485
GAAB092435-EPHI-622I-1	Abol	0.0300184823963212	0.0223006399225504
ETMT553-EPHI-622I-1	Metehara	-0.00627687162798891	0.0125073771711796
ET-MT-255-EPHI-622I-1	Metehara	-0.0033494662185863	0.00602616449510201
SOER052799-EPHI-622I-1	Erer	0.00995637941021141	-0.00428072306884559
GAAB092456-EPHI-622I-1	Abol	0.0683452800150133	-0.0111460534196614
SND1071808-EPHI-622I-1	Dila	-0.0447904883283251	-0.0173242082887804
ET-MT-291-EPHI-622I-1	Metehara	-0.00950349968236857	0.00586745156093576
ET-SL-1486-EPHI-622I-1	sheele	-0.025363303793067	-0.013056496911158
AMJI031281-EPHI-622I-1	Jiga	0.00962065061633575	0.108999482086365
AMJI031207-EPHI-622I-1	Jiga	-0.0320274051573525	0.00466862035790511
ET-MT-428-EPHI-622I-1	Metehara	-0.0315238071710291	-0.036312193524424
ET-LT-732-EPHI-622I-1	Lante	-0.00136588903737218	-0.0698571839836684
ET-MT-346-EPHI-622I-1	Metehara	-0.0231420468595824	-0.0120541911724406
AMJI031284-EPHI-622I-1	Jiga	0.0106678704537642	0.108481508650561
ET-MT-470-EPHI-622I-1	Metehara	-0.0298394431818664	-0.0105668396726757
ET-MT-482-EPHI-622I-1	Metehara	-0.0199448329515572	-0.0134484223649586
ET-MT-350-EPHI-622I-1	Metehara	-0.0116514013375808	0.00562683528113908
SOER052797-EPHI-622I-1	Erer	0.0098635690985078	-0.00432548433421628
ET-MT-383-EPHI-622I-1	Metehara	-0.00246143558103388	-0.00981533815089023
SNSE072124-EPHI-622I-1	Secha	-0.00406494916030445	-0.00380414078988432
AMJI031269-EPHI-622I-1	Jiga	0.00920435682285181	0.0784769753324939
AMJI031252-EPHI-622I-1	Jiga	0.00961701279847918	0.109032372213865
SOER052717-EPHI-622I-1	Erer	0.0246342615353143	0.0278763987052882
ET-LT-994-EPHI-622I-1	Lante	-0.00157177825756817	-0.0686442023419074
ORME040613-EPHI-622I-1	Metehara	0.0268235680688839	0.0342339509084572
ETMT555-EPHI-622I-1	Metehara	-0.0108802092087441	0.0202629347256809
AMJI031261-EPHI-622I-1	Jiga	0.00495110245208588	0.00714920741229204
AMWO031548-EPHI-622I-1	Woreta	-0.0280598399240427	0.0244564916913128
SOER052735-EPHI-622I-1	Erer	-0.0221827879453711	-0.0208604494311057
ETMT525-EPHI-622I-1	Metehara	-0.00923033300304519	-0.0296042884085509
ET-SL-1506-EPHI-622I-1	sheele	-0.0186130840054307	0.0118977864971301
AMAN030960-EPHI-622I-1	Andansa	-0.0256293979434813	0.0428699964913851
ET-MT-416-EPHI-622I-1	Metehara	-0.00813401282864088	0.00510086473205552
ET-MT-425-EPHI-622I-1	Metehara	-0.00162745362827011	0.0151772201427392
ORBA040309-EPHI-622I-1	Batu	-0.0300837565301036	-0.0347407553937406
ET-LT-667-EPHI-622I-1	Lante	-0.0417985652964934	-0.0242902421994296
GAAB092516-EPHI-622I-1	Abol	0.0880707034764999	-0.00607882408232298
ET-SL-1504-EPHI-622I-1	sheele	0.016307510749729	0.0350458017760762
ET-LT-1005-EPHI-622I-1	Lante	0.0129759747278438	-0.0159133792408478
AMWO031557-EPHI-622I-1	Woreta	0.03926477703151	0.0181795449744324
ET-LT-633-EPHI-622I-1	Lante	-0.0254278865835237	-0.00067077587719129
ET-SL-1118-EPHI-622I-1	sheele	-0.0276403255178204	-0.00703652318363535
GAAB092432-EPHI-622I-1	Abol	0.0948166514552799	-0.0286527493945822
AMWO031521-EPHI-622I-1	Woreta	-0.0313061317476793	0.0427350697690294
AMAN030950-EPHI-622I-1	Andansa	0.00485245878522333	0.0279636285418063
GAAB092500-EPHI-622I-1	Abol	0.0514727038030417	-0.00336036774261333
AMJI031325-EPHI-622I-1	Jiga	-0.0252114554046941	0.0423154958767425
ETMT517-EPHI-622I-1	Metehara	-0.0171180419588753	-0.0225750521465782
ET-MT-467-EPHI-622I-1	Metehara	-0.0291567554358576	-0.0233224540244338
ET-MT-468-EPHI-622I-1	Metehara	-0.0195183675426909	-0.0151583079806771
ET-SL-1185-EPHI-622I-1	sheele	-0.0247623790377698	-0.0103758148686812
ET-LT-582-EPHI-622I-1	Lante	-0.0388666751076508	-0.0141174080154673
ET-MT-475-EPHI-622I-1	Metehara	-0.0288249085954097	-0.0233087069451268
ET-LT-1001-EPHI-622I-1	Lante	-0.00269649848023754	-0.00372655531569021
AMAN030976-EPHI-622I-1	Andansa	0.00747892718003726	0.0561605610302543
ET-MT-476-EPHI-622I-1	Metehara	-0.0313907299657935	-0.0243726654019562
ET-MT-479-EPHI-622I-1	Metehara	-0.0352461545791362	-0.0241830964946175
ET-LT-875-EPHI-622I-1	Lante	-0.0013658890373722	-0.0698571839836684
AMJI031258-EPHI-622I-1	Jiga	-0.0168423354297951	0.0200733425361965
AMAN030955-EPHI-622I-1	Andansa	0.00250142061357574	0.0341572661570264
AMAN031014-EPHI-622I-1	Andansa	0.00843304989710908	0.0279363215276069
ET-SL-1030-EPHI-622I-1	sheele	-0.0339426917427696	-0.0102483681753913
ET-SL-1034-EPHI-622I-1	sheele	0.00982990480538165	0.000396393817481806
ET-SL-1471-EPHI-622I-1	sheele	-0.0306373893547985	-0.00961619736699459
ET-SL-1045-EPHI-622I-1	sheele	-0.000987769280951872	-0.0100970415511251
AMJI031285-EPHI-622I-1	Jiga	-0.0288803509042913	-0.000925126452387042
ET-SL-1068-EPHI-622I-1	sheele	-0.0144220666806291	-0.0141196627862353
ET-SL-1109-EPHI-622I-1	sheele	-0.0194726179782625	-0.0100913498267387
ET-SL-1148-EPHI-622I-1	sheele	-0.00244880841233994	-0.0119621861380482
ET-SL-1211-EPHI-622I-1	sheele	0.00546092916078676	0.0112399727495625
