Snp_coordinate,Chrom,POS,P_value
Pf3D7_01_v3.:144870,1,144870,NA
Pf3D7_01_v3.:144877,1,144877,NA
Pf3D7_01_v3.:239376,1,239376,NA
Pf3D7_01_v3.:341100,1,341100,NA
Pf3D7_01_v3.:341147,1,341147,NA
Pf3D7_01_v3.:341181,1,341181,NA
Pf3D7_01_v3.:493932,1,493932,NA
Pf3D7_01_v3.:493997,1,493997,NA
Pf3D7_01_v3.:513679,1,513679,NA
Pf3D7_01_v3.:513689,1,513689,NA
Pf3D7_01_v3.:513760,1,513760,NA
Pf3D7_01_v3.:517690,1,517690,NA
Pf3D7_01_v3.:517759,1,517759,NA
Pf3D7_01_v3.:517776,1,517776,NA
Pf3D7_10_v3.:115451,10,115451,NA
Pf3D7_10_v3.:115470,10,115470,NA
Pf3D7_10_v3.:240656,10,240656,NA
Pf3D7_10_v3.:320664,10,320664,NA
Pf3D7_10_v3.:320695,10,320695,NA
Pf3D7_10_v3.:320700,10,320700,NA
Pf3D7_10_v3.:320717,10,320717,NA
Pf3D7_10_v3.:486390,10,486390,NA
Pf3D7_10_v3.:714013,10,714013,NA
Pf3D7_10_v3.:714026,10,714026,NA
Pf3D7_10_v3.:860935,10,860935,NA
Pf3D7_10_v3.:860941,10,860941,NA
Pf3D7_10_v3.:992490,10,992490,NA
Pf3D7_10_v3.:1037322,10,1037322,NA
Pf3D7_10_v3.:1217300,10,1217300,NA
Pf3D7_10_v3.:1230913,10,1230913,NA
Pf3D7_10_v3.:1230918,10,1230918,NA
Pf3D7_10_v3.:1336134,10,1336134,NA
Pf3D7_10_v3.:1336138,10,1336138,NA
Pf3D7_10_v3.:1431151,10,1431151,NA
Pf3D7_10_v3.:1431187,10,1431187,NA
Pf3D7_10_v3.:1552485,10,1552485,NA
Pf3D7_11_v3.:241968,11,241968,NA
Pf3D7_11_v3.:241970,11,241970,NA
Pf3D7_11_v3.:408643,11,408643,NA
Pf3D7_11_v3.:644562,11,644562,NA
Pf3D7_11_v3.:734165,11,734165,NA
Pf3D7_11_v3.:975283,11,975283,NA
Pf3D7_11_v3.:975330,11,975330,NA
Pf3D7_11_v3.:1019466,11,1019466,NA
Pf3D7_11_v3.:1019514,11,1019514,NA
Pf3D7_11_v3.:1293957,11,1293957,NA
Pf3D7_11_v3.:1293961,11,1293961,NA
Pf3D7_11_v3.:1293962,11,1293962,NA
Pf3D7_11_v3.:1293971,11,1293971,NA
Pf3D7_11_v3.:1294003,11,1294003,NA
Pf3D7_11_v3.:1294070,11,1294070,NA
Pf3D7_11_v3.:1294075,11,1294075,NA
Pf3D7_11_v3.:1294107,11,1294107,NA
Pf3D7_11_v3.:1294285,11,1294285,NA
Pf3D7_11_v3.:1294341,11,1294341,NA
Pf3D7_11_v3.:1294355,11,1294355,NA
Pf3D7_11_v3.:1294370,11,1294370,NA
Pf3D7_11_v3.:1294527,11,1294527,NA
Pf3D7_11_v3.:1294529,11,1294529,NA
Pf3D7_11_v3.:1294534,11,1294534,NA
Pf3D7_11_v3.:1294545,11,1294545,NA
Pf3D7_11_v3.:1294584,11,1294584,NA
Pf3D7_11_v3.:1294585,11,1294585,NA
Pf3D7_11_v3.:1294588,11,1294588,NA
Pf3D7_11_v3.:1294590,11,1294590,NA
Pf3D7_11_v3.:1294708,11,1294708,NA
Pf3D7_11_v3.:1294711,11,1294711,NA
Pf3D7_11_v3.:1294731,11,1294731,NA
Pf3D7_11_v3.:1294741,11,1294741,NA
Pf3D7_11_v3.:1294750,11,1294750,NA
Pf3D7_11_v3.:1294753,11,1294753,NA
Pf3D7_11_v3.:1294756,11,1294756,NA
Pf3D7_11_v3.:1295033,11,1295033,NA
Pf3D7_11_v3.:1295039,11,1295039,NA
Pf3D7_11_v3.:1295076,11,1295076,NA
Pf3D7_11_v3.:1295333,11,1295333,NA
Pf3D7_11_v3.:1295343,11,1295343,NA
Pf3D7_11_v3.:1295369,11,1295369,NA
Pf3D7_11_v3.:1295388,11,1295388,NA
Pf3D7_11_v3.:1295390,11,1295390,NA
Pf3D7_11_v3.:1295596,11,1295596,NA
Pf3D7_11_v3.:1295605,11,1295605,NA
Pf3D7_11_v3.:1552108,11,1552108,NA
Pf3D7_11_v3.:1640263,11,1640263,NA
Pf3D7_11_v3.:1640309,11,1640309,NA
Pf3D7_11_v3.:1640343,11,1640343,NA
Pf3D7_11_v3.:1737726,11,1737726,NA
Pf3D7_11_v3.:1807591,11,1807591,NA
Pf3D7_11_v3.:1807598,11,1807598,NA
Pf3D7_11_v3.:1807616,11,1807616,NA
Pf3D7_11_v3.:1902779,11,1902779,NA
Pf3D7_11_v3.:1902798,11,1902798,NA
Pf3D7_11_v3.:1957546,11,1957546,NA
Pf3D7_11_v3.:1957547,11,1957547,NA
Pf3D7_11_v3.:1957552,11,1957552,NA
Pf3D7_11_v3.:1957570,11,1957570,NA
Pf3D7_11_v3.:2002953,11,2002953,NA
Pf3D7_12_v3.:63393,12,63393,NA
Pf3D7_12_v3.:217751,12,217751,NA
Pf3D7_12_v3.:217780,12,217780,NA
Pf3D7_12_v3.:398903,12,398903,NA
Pf3D7_12_v3.:398946,12,398946,NA
Pf3D7_12_v3.:398954,12,398954,NA
Pf3D7_12_v3.:398987,12,398987,NA
Pf3D7_12_v3.:458244,12,458244,NA
Pf3D7_12_v3.:458271,12,458271,NA
Pf3D7_12_v3.:458280,12,458280,NA
Pf3D7_12_v3.:659920,12,659920,NA
Pf3D7_12_v3.:659953,12,659953,NA
Pf3D7_12_v3.:659987,12,659987,NA
Pf3D7_12_v3.:659988,12,659988,NA
Pf3D7_12_v3.:760430,12,760430,NA
Pf3D7_12_v3.:760468,12,760468,NA
Pf3D7_12_v3.:839643,12,839643,NA
Pf3D7_12_v3.:839670,12,839670,NA
Pf3D7_12_v3.:839749,12,839749,NA
Pf3D7_12_v3.:839762,12,839762,NA
Pf3D7_12_v3.:839801,12,839801,NA
Pf3D7_12_v3.:913124,12,913124,NA
Pf3D7_12_v3.:913157,12,913157,NA
Pf3D7_12_v3.:1116205,12,1116205,NA
Pf3D7_12_v3.:1116283,12,1116283,NA
Pf3D7_12_v3.:1116285,12,1116285,NA
Pf3D7_12_v3.:1116286,12,1116286,NA
Pf3D7_12_v3.:1194636,12,1194636,NA
Pf3D7_12_v3.:1212111,12,1212111,NA
Pf3D7_12_v3.:1212117,12,1212117,NA
Pf3D7_12_v3.:1212825,12,1212825,NA
Pf3D7_12_v3.:1320059,12,1320059,NA
Pf3D7_12_v3.:1353511,12,1353511,NA
Pf3D7_12_v3.:1380885,12,1380885,NA
Pf3D7_12_v3.:1515715,12,1515715,NA
Pf3D7_12_v3.:1515725,12,1515725,NA
Pf3D7_12_v3.:1578369,12,1578369,NA
Pf3D7_12_v3.:1578396,12,1578396,NA
Pf3D7_12_v3.:1674178,12,1674178,NA
Pf3D7_12_v3.:1674208,12,1674208,NA
Pf3D7_12_v3.:1685161,12,1685161,NA
Pf3D7_12_v3.:1685197,12,1685197,NA
Pf3D7_12_v3.:1685220,12,1685220,NA
Pf3D7_12_v3.:1776195,12,1776195,NA
Pf3D7_12_v3.:1946318,12,1946318,NA
Pf3D7_12_v3.:2009163,12,2009163,NA
Pf3D7_12_v3.:2009230,12,2009230,NA
Pf3D7_12_v3.:2009254,12,2009254,NA
Pf3D7_12_v3.:2118237,12,2118237,NA
Pf3D7_12_v3.:2118264,12,2118264,NA
Pf3D7_13_v3.:105875,13,105875,NA
Pf3D7_13_v3.:105962,13,105962,NA
Pf3D7_13_v3.:212024,13,212024,NA
Pf3D7_13_v3.:315366,13,315366,NA
Pf3D7_13_v3.:315401,13,315401,NA
Pf3D7_13_v3.:651931,13,651931,NA
Pf3D7_13_v3.:651941,13,651941,NA
Pf3D7_13_v3.:816992,13,816992,NA
Pf3D7_13_v3.:817001,13,817001,NA
Pf3D7_13_v3.:944597,13,944597,NA
Pf3D7_13_v3.:944672,13,944672,NA
Pf3D7_13_v3.:1175633,13,1175633,NA
Pf3D7_13_v3.:1371230,13,1371230,NA
Pf3D7_13_v3.:1371246,13,1371246,NA
Pf3D7_13_v3.:1465116,13,1465116,NA
Pf3D7_13_v3.:1465170,13,1465170,NA
Pf3D7_13_v3.:1465176,13,1465176,NA
Pf3D7_13_v3.:1465181,13,1465181,NA
Pf3D7_13_v3.:1465193,13,1465193,NA
Pf3D7_13_v3.:1465220,13,1465220,NA
Pf3D7_13_v3.:1465276,13,1465276,NA
Pf3D7_13_v3.:1465311,13,1465311,NA
Pf3D7_13_v3.:1465320,13,1465320,NA
Pf3D7_13_v3.:1465752,13,1465752,NA
Pf3D7_13_v3.:1465760,13,1465760,NA
Pf3D7_13_v3.:1465807,13,1465807,NA
Pf3D7_13_v3.:1465809,13,1465809,NA
Pf3D7_13_v3.:1466078,13,1466078,NA
Pf3D7_13_v3.:1466084,13,1466084,NA
Pf3D7_13_v3.:1466111,13,1466111,NA
Pf3D7_13_v3.:1466124,13,1466124,NA
Pf3D7_13_v3.:1466159,13,1466159,NA
Pf3D7_13_v3.:1466219,13,1466219,NA
Pf3D7_13_v3.:1466231,13,1466231,NA
Pf3D7_13_v3.:1466237,13,1466237,NA
Pf3D7_13_v3.:1466252,13,1466252,NA
Pf3D7_13_v3.:1466264,13,1466264,NA
Pf3D7_13_v3.:1466273,13,1466273,NA
Pf3D7_13_v3.:1466422,13,1466422,NA
Pf3D7_13_v3.:1466484,13,1466484,NA
Pf3D7_13_v3.:1466504,13,1466504,NA
Pf3D7_13_v3.:1466505,13,1466505,NA
Pf3D7_13_v3.:1482702,13,1482702,NA
Pf3D7_13_v3.:1482708,13,1482708,NA
Pf3D7_13_v3.:1592766,13,1592766,NA
Pf3D7_13_v3.:1670479,13,1670479,NA
Pf3D7_13_v3.:1745471,13,1745471,NA
Pf3D7_13_v3.:1745511,13,1745511,NA
Pf3D7_13_v3.:1745544,13,1745544,NA
Pf3D7_13_v3.:1781935,13,1781935,NA
Pf3D7_13_v3.:1946948,13,1946948,NA
Pf3D7_13_v3.:1946975,13,1946975,NA
Pf3D7_13_v3.:1972073,13,1972073,NA
Pf3D7_13_v3.:2114560,13,2114560,NA
Pf3D7_13_v3.:2114563,13,2114563,NA
Pf3D7_13_v3.:2114576,13,2114576,NA
Pf3D7_13_v3.:2114619,13,2114619,NA
Pf3D7_13_v3.:2342565,13,2342565,NA
Pf3D7_13_v3.:2342584,13,2342584,NA
Pf3D7_13_v3.:2342620,13,2342620,NA
Pf3D7_13_v3.:2377887,13,2377887,NA
Pf3D7_13_v3.:2452341,13,2452341,NA
Pf3D7_13_v3.:2525153,13,2525153,NA
Pf3D7_13_v3.:2643507,13,2643507,NA
Pf3D7_13_v3.:2735643,13,2735643,NA
Pf3D7_13_v3.:2735649,13,2735649,NA
Pf3D7_13_v3.:2735663,13,2735663,NA
Pf3D7_13_v3.:2787490,13,2787490,NA
Pf3D7_13_v3.:2787498,13,2787498,NA
Pf3D7_14_v3.:106930,14,106930,NA
Pf3D7_14_v3.:107014,14,107014,NA
Pf3D7_14_v3.:144331,14,144331,NA
Pf3D7_14_v3.:377819,14,377819,NA
Pf3D7_14_v3.:377869,14,377869,NA
Pf3D7_14_v3.:407393,14,407393,NA
Pf3D7_14_v3.:407424,14,407424,NA
Pf3D7_14_v3.:407438,14,407438,NA
Pf3D7_14_v3.:564437,14,564437,NA
Pf3D7_14_v3.:564440,14,564440,NA
Pf3D7_14_v3.:564443,14,564443,NA
Pf3D7_14_v3.:564447,14,564447,NA
Pf3D7_14_v3.:564448,14,564448,NA
Pf3D7_14_v3.:564449,14,564449,NA
Pf3D7_14_v3.:564492,14,564492,NA
Pf3D7_14_v3.:889791,14,889791,NA
Pf3D7_14_v3.:889792,14,889792,NA
Pf3D7_14_v3.:1011033,14,1011033,NA
Pf3D7_14_v3.:1011056,14,1011056,NA
Pf3D7_14_v3.:1171305,14,1171305,NA
Pf3D7_14_v3.:1171335,14,1171335,NA
Pf3D7_14_v3.:1171344,14,1171344,NA
Pf3D7_14_v3.:1179640,14,1179640,NA
Pf3D7_14_v3.:1336795,14,1336795,NA
Pf3D7_14_v3.:1451374,14,1451374,NA
Pf3D7_14_v3.:1553994,14,1553994,NA
Pf3D7_14_v3.:1554029,14,1554029,NA
Pf3D7_14_v3.:1628061,14,1628061,NA
Pf3D7_14_v3.:1671537,14,1671537,NA
Pf3D7_14_v3.:1760056,14,1760056,NA
Pf3D7_14_v3.:1886150,14,1886150,NA
Pf3D7_14_v3.:1886153,14,1886153,NA
Pf3D7_14_v3.:1886168,14,1886168,NA
Pf3D7_14_v3.:1886181,14,1886181,NA
Pf3D7_14_v3.:1886186,14,1886186,NA
Pf3D7_14_v3.:1886228,14,1886228,NA
Pf3D7_14_v3.:2004747,14,2004747,NA
Pf3D7_14_v3.:2004790,14,2004790,NA
Pf3D7_14_v3.:2074696,14,2074696,NA
Pf3D7_14_v3.:2268700,14,2268700,NA
Pf3D7_14_v3.:2402737,14,2402737,NA
Pf3D7_14_v3.:2402744,14,2402744,NA
Pf3D7_14_v3.:2589783,14,2589783,NA
Pf3D7_14_v3.:2625887,14,2625887,NA
Pf3D7_14_v3.:3046108,14,3046108,NA
Pf3D7_14_v3.:3046170,14,3046170,NA
Pf3D7_14_v3.:3124648,14,3124648,NA
Pf3D7_14_v3.:3124668,14,3124668,NA
Pf3D7_14_v3.:3124670,14,3124670,NA
Pf3D7_14_v3.:3124731,14,3124731,NA
Pf3D7_14_v3.:3124735,14,3124735,NA
Pf3D7_14_v3.:3190118,14,3190118,NA
Pf3D7_02_v3.:109623,2,109623,NA
Pf3D7_02_v3.:109634,2,109634,NA
Pf3D7_02_v3.:109649,2,109649,NA
Pf3D7_02_v3.:109659,2,109659,NA
Pf3D7_02_v3.:109662,2,109662,NA
Pf3D7_02_v3.:273774,2,273774,NA
Pf3D7_02_v3.:273787,2,273787,NA
Pf3D7_02_v3.:273796,2,273796,NA
Pf3D7_02_v3.:288137,2,288137,NA
Pf3D7_02_v3.:319618,2,319618,NA
Pf3D7_02_v3.:319666,2,319666,NA
Pf3D7_02_v3.:319674,2,319674,NA
Pf3D7_02_v3.:319703,2,319703,NA
Pf3D7_02_v3.:320840,2,320840,NA
Pf3D7_02_v3.:320921,2,320921,NA
Pf3D7_02_v3.:470587,2,470587,NA
Pf3D7_02_v3.:470675,2,470675,NA
Pf3D7_02_v3.:503292,2,503292,NA
Pf3D7_02_v3.:503313,2,503313,NA
Pf3D7_02_v3.:503316,2,503316,NA
Pf3D7_02_v3.:630289,2,630289,NA
Pf3D7_02_v3.:630290,2,630290,NA
Pf3D7_02_v3.:678477,2,678477,NA
Pf3D7_02_v3.:792976,2,792976,NA
Pf3D7_02_v3.:841800,2,841800,NA
Pf3D7_02_v3.:841819,2,841819,NA
Pf3D7_02_v3.:843923,2,843923,NA
Pf3D7_02_v3.:843959,2,843959,NA
Pf3D7_03_v3.:92397,3,92397,NA
Pf3D7_03_v3.:92421,3,92421,NA
Pf3D7_03_v3.:104823,3,104823,NA
Pf3D7_03_v3.:221442,3,221442,NA
Pf3D7_03_v3.:221448,3,221448,NA
Pf3D7_03_v3.:221451,3,221451,NA
Pf3D7_03_v3.:221457,3,221457,NA
Pf3D7_03_v3.:302963,3,302963,NA
Pf3D7_03_v3.:472778,3,472778,NA
Pf3D7_03_v3.:506962,3,506962,NA
Pf3D7_03_v3.:507008,3,507008,NA
Pf3D7_03_v3.:618447,3,618447,NA
Pf3D7_03_v3.:752233,3,752233,NA
Pf3D7_03_v3.:752261,3,752261,NA
Pf3D7_03_v3.:752263,3,752263,NA
Pf3D7_03_v3.:855488,3,855488,NA
Pf3D7_03_v3.:855517,3,855517,NA
Pf3D7_03_v3.:888150,3,888150,NA
Pf3D7_03_v3.:888179,3,888179,NA
Pf3D7_03_v3.:888188,3,888188,NA
Pf3D7_04_v3.:156748,4,156748,NA
Pf3D7_04_v3.:156763,4,156763,NA
Pf3D7_04_v3.:156767,4,156767,NA
Pf3D7_04_v3.:156784,4,156784,NA
Pf3D7_04_v3.:156795,4,156795,NA
Pf3D7_04_v3.:156796,4,156796,NA
Pf3D7_04_v3.:156800,4,156800,NA
Pf3D7_04_v3.:156805,4,156805,NA
Pf3D7_04_v3.:156807,4,156807,NA
Pf3D7_04_v3.:156808,4,156808,NA
Pf3D7_04_v3.:167467,4,167467,NA
Pf3D7_04_v3.:167488,4,167488,NA
Pf3D7_04_v3.:167492,4,167492,NA
Pf3D7_04_v3.:167535,4,167535,NA
Pf3D7_04_v3.:311839,4,311839,NA
Pf3D7_04_v3.:461637,4,461637,NA
Pf3D7_04_v3.:461647,4,461647,NA
Pf3D7_04_v3.:544543,4,544543,NA
Pf3D7_04_v3.:544564,4,544564,NA
Pf3D7_04_v3.:544615,4,544615,NA
Pf3D7_04_v3.:615475,4,615475,NA
Pf3D7_04_v3.:647737,4,647737,NA
Pf3D7_04_v3.:647776,4,647776,NA
Pf3D7_04_v3.:788194,4,788194,NA
Pf3D7_04_v3.:899872,4,899872,NA
Pf3D7_04_v3.:899900,4,899900,NA
Pf3D7_04_v3.:899906,4,899906,NA
Pf3D7_04_v3.:899915,4,899915,NA
Pf3D7_04_v3.:899970,4,899970,NA
Pf3D7_04_v3.:1006055,4,1006055,NA
Pf3D7_04_v3.:1006069,4,1006069,NA
Pf3D7_04_v3.:1042985,4,1042985,NA
Pf3D7_04_v3.:1043003,4,1043003,NA
Pf3D7_04_v3.:1043010,4,1043010,NA
Pf3D7_04_v3.:1095788,4,1095788,NA
Pf3D7_04_v3.:1095802,4,1095802,NA
Pf3D7_04_v3.:1095823,4,1095823,NA
Pf3D7_04_v3.:1113532,4,1113532,NA
Pf3D7_04_v3.:1113540,4,1113540,NA
Pf3D7_04_v3.:1113552,4,1113552,NA
Pf3D7_04_v3.:1113583,4,1113583,NA
Pf3D7_04_v3.:1113632,4,1113632,NA
Pf3D7_05_v3.:69564,5,69564,NA
Pf3D7_05_v3.:69585,5,69585,NA
Pf3D7_05_v3.:158020,5,158020,NA
Pf3D7_05_v3.:158076,5,158076,NA
Pf3D7_05_v3.:329624,5,329624,NA
Pf3D7_05_v3.:364200,5,364200,NA
Pf3D7_05_v3.:364227,5,364227,NA
Pf3D7_05_v3.:475277,5,475277,NA
Pf3D7_05_v3.:475331,5,475331,NA
Pf3D7_05_v3.:475346,5,475346,NA
Pf3D7_05_v3.:476889,5,476889,NA
Pf3D7_05_v3.:476911,5,476911,NA
Pf3D7_05_v3.:476920,5,476920,NA
Pf3D7_05_v3.:481328,5,481328,NA
Pf3D7_05_v3.:481348,5,481348,NA
Pf3D7_05_v3.:673542,5,673542,NA
Pf3D7_05_v3.:673560,5,673560,NA
Pf3D7_05_v3.:679096,5,679096,NA
Pf3D7_05_v3.:679104,5,679104,NA
Pf3D7_05_v3.:679125,5,679125,NA
Pf3D7_05_v3.:719091,5,719091,NA
Pf3D7_05_v3.:796802,5,796802,NA
Pf3D7_05_v3.:921976,5,921976,NA
Pf3D7_05_v3.:1012184,5,1012184,NA
Pf3D7_05_v3.:1012192,5,1012192,NA
Pf3D7_05_v3.:1196977,5,1196977,NA
Pf3D7_05_v3.:1196989,5,1196989,NA
Pf3D7_05_v3.:1316671,5,1316671,NA
Pf3D7_05_v3.:1316719,5,1316719,NA
Pf3D7_05_v3.:1316762,5,1316762,NA
Pf3D7_06_v3.:309334,6,309334,NA
Pf3D7_06_v3.:378714,6,378714,NA
Pf3D7_06_v3.:410056,6,410056,NA
Pf3D7_06_v3.:592139,6,592139,NA
Pf3D7_06_v3.:624269,6,624269,NA
Pf3D7_06_v3.:624289,6,624289,NA
Pf3D7_06_v3.:791593,6,791593,NA
Pf3D7_06_v3.:791620,6,791620,NA
Pf3D7_06_v3.:791626,6,791626,NA
Pf3D7_06_v3.:832383,6,832383,NA
Pf3D7_06_v3.:920707,6,920707,NA
Pf3D7_06_v3.:1032317,6,1032317,NA
Pf3D7_06_v3.:1115372,6,1115372,NA
Pf3D7_06_v3.:1115453,6,1115453,NA
Pf3D7_06_v3.:1136295,6,1136295,NA
Pf3D7_06_v3.:1136341,6,1136341,NA
Pf3D7_06_v3.:1287832,6,1287832,NA
Pf3D7_06_v3.:1287846,6,1287846,NA
Pf3D7_07_v3.:82341,7,82341,NA
Pf3D7_07_v3.:332591,7,332591,NA
Pf3D7_07_v3.:332638,7,332638,NA
Pf3D7_07_v3.:420925,7,420925,NA
Pf3D7_07_v3.:507128,7,507128,NA
Pf3D7_07_v3.:507181,7,507181,NA
Pf3D7_07_v3.:507197,7,507197,NA
Pf3D7_07_v3.:507200,7,507200,NA
Pf3D7_07_v3.:507218,7,507218,NA
Pf3D7_07_v3.:616616,7,616616,NA
Pf3D7_07_v3.:616665,7,616665,NA
Pf3D7_07_v3.:616673,7,616673,NA
Pf3D7_07_v3.:616717,7,616717,NA
Pf3D7_07_v3.:618007,7,618007,NA
Pf3D7_07_v3.:618042,7,618042,NA
Pf3D7_07_v3.:732859,7,732859,NA
Pf3D7_07_v3.:880875,7,880875,NA
Pf3D7_07_v3.:880908,7,880908,NA
Pf3D7_07_v3.:883388,7,883388,NA
Pf3D7_07_v3.:883457,7,883457,NA
Pf3D7_07_v3.:1158217,7,1158217,NA
Pf3D7_07_v3.:1158225,7,1158225,NA
Pf3D7_07_v3.:1252492,7,1252492,NA
Pf3D7_07_v3.:1252517,7,1252517,NA
Pf3D7_07_v3.:1326828,7,1326828,NA
Pf3D7_07_v3.:1326844,7,1326844,NA
Pf3D7_07_v3.:1326850,7,1326850,NA
Pf3D7_07_v3.:1326859,7,1326859,NA
Pf3D7_07_v3.:1326873,7,1326873,NA
Pf3D7_07_v3.:1326915,7,1326915,NA
Pf3D7_07_v3.:1359228,7,1359228,NA
Pf3D7_07_v3.:1360357,7,1360357,NA
Pf3D7_08_v3.:102415,8,102415,NA
Pf3D7_08_v3.:260162,8,260162,NA
Pf3D7_08_v3.:260178,8,260178,NA
Pf3D7_08_v3.:260229,8,260229,NA
Pf3D7_08_v3.:331313,8,331313,NA
Pf3D7_08_v3.:403113,8,403113,NA
Pf3D7_08_v3.:490413,8,490413,NA
Pf3D7_08_v3.:490424,8,490424,NA
Pf3D7_08_v3.:491157,8,491157,NA
Pf3D7_08_v3.:491181,8,491181,NA
Pf3D7_08_v3.:491231,8,491231,NA
Pf3D7_08_v3.:591335,8,591335,NA
Pf3D7_08_v3.:591344,8,591344,NA
Pf3D7_08_v3.:591422,8,591422,NA
Pf3D7_08_v3.:706168,8,706168,NA
Pf3D7_08_v3.:706187,8,706187,NA
Pf3D7_08_v3.:845293,8,845293,NA
Pf3D7_08_v3.:845305,8,845305,NA
Pf3D7_08_v3.:845314,8,845314,NA
Pf3D7_08_v3.:943546,8,943546,NA
Pf3D7_08_v3.:943572,8,943572,NA
Pf3D7_08_v3.:943578,8,943578,NA
Pf3D7_08_v3.:943579,8,943579,NA
Pf3D7_08_v3.:1104331,8,1104331,NA
Pf3D7_08_v3.:1104361,8,1104361,NA
Pf3D7_08_v3.:1167918,8,1167918,NA
Pf3D7_08_v3.:1167927,8,1167927,NA
Pf3D7_08_v3.:1167941,8,1167941,NA
Pf3D7_08_v3.:1169666,8,1169666,NA
Pf3D7_08_v3.:1269432,8,1269432,NA
Pf3D7_08_v3.:1316079,8,1316079,NA
Pf3D7_08_v3.:1316080,8,1316080,NA
Pf3D7_08_v3.:1316087,8,1316087,NA
Pf3D7_08_v3.:1316095,8,1316095,NA
Pf3D7_09_v3.:82153,9,82153,NA
Pf3D7_09_v3.:82156,9,82156,NA
Pf3D7_09_v3.:82157,9,82157,NA
Pf3D7_09_v3.:82164,9,82164,NA
Pf3D7_09_v3.:286051,9,286051,NA
Pf3D7_09_v3.:286075,9,286075,NA
Pf3D7_09_v3.:494966,9,494966,NA
Pf3D7_09_v3.:495020,9,495020,NA
Pf3D7_09_v3.:495041,9,495041,NA
Pf3D7_09_v3.:564641,9,564641,NA
Pf3D7_09_v3.:690218,9,690218,NA
Pf3D7_09_v3.:690220,9,690220,NA
Pf3D7_09_v3.:690255,9,690255,NA
Pf3D7_09_v3.:690256,9,690256,NA
Pf3D7_09_v3.:738710,9,738710,NA
Pf3D7_09_v3.:817525,9,817525,NA
Pf3D7_09_v3.:817567,9,817567,NA
Pf3D7_09_v3.:909944,9,909944,NA
Pf3D7_09_v3.:1178858,9,1178858,NA
Pf3D7_09_v3.:1178903,9,1178903,NA
Pf3D7_09_v3.:1206298,9,1206298,NA
Pf3D7_09_v3.:1206357,9,1206357,NA
Pf3D7_09_v3.:1206408,9,1206408,NA
Pf3D7_09_v3.:1206543,9,1206543,NA
Pf3D7_09_v3.:1206811,9,1206811,NA
Pf3D7_09_v3.:1206822,9,1206822,NA
Pf3D7_09_v3.:1206885,9,1206885,NA
Pf3D7_09_v3.:1406490,9,1406490,NA
Pf3D7_09_v3.:1406520,9,1406520,NA
Pf3D7_09_v3.:1406576,9,1406576,NA
Pf3D7_09_v3.:1406587,9,1406587,NA
Pf3D7_09_v3.:1468650,9,1468650,NA
Pf3D7_09_v3.:1468668,9,1468668,NA
Pf3D7_09_v3.:1468670,9,1468670,NA
Pf3D7_09_v3.:1468703,9,1468703,NA
Pf3D7_09_v3.:1468714,9,1468714,NA
