Sample_ID,yearofcollection,date,Region,Woreda,Health_facility,Health_facility_orginal,Age,Sex,crt_Cys72Ser,Crt_Val73Leu,crt_Met74Ile,crt_Asn75Glu,crt_Lys76Thr,CTHAP
GAAB092527,Y2022,15/12/22,Gambela,G/ZURIA,Abol,ABOL_HC,6,Male,C,L,M,N,T,CLMNT
GAAB092497,Y2022,44693,Gambela,G/ZURIA,Abol,ABOL_HC,27,Male,C,L,M,N,T,CLMNT
GAAB092537,Y2022,19/12/22,Gambela,G/ZURIA,Abol,ABOL_HC,17,Male,C,L,M,N,T,CLMNT
GAAB092449,Y2022,21/11/22,Gambela,G/ZURIA,Abol,ABOL_HC,18,Female,C,L,M,N,T,CLMNT
AMAN031014,Y2022,13/12/2022,Amhara,B/DAR,Andansa,ANDANSA_HC,38,Male,C,L,M,N,T,CLMNT
ET_SL_1490,Y2019,43466,SNNP,Arba_minchZuria,Sheele,sheele_HC,25,Male,C,L,M,N,T,CLMNT
AMAN030960,Y2022,22/11/2022,Amhara,B/DAR,Andansa,ANDANSA_HC,7,Male,C,L,M,N,T,CLMNT
ET_MT_478,Y2019,43466,Oromia,FENTALE,Metehara,Metehara_HC,21,Male,C,L,M,N,T,CLMNT
ET_LT_568,Y2019,43466,SNNP,Arba_minchZuria,Lante,Lante_HC,30,Female,C,L,M,N,T,CLMNT
ET_LT_875,Y2019,43466,SNNP,Arba_minchZuria,Lante,Lante_HC,35,Female,C,L,M,N,T,CLMNT
GAAB092407,Y2022,44815,Gambela,G/ZURIA,Abol,ABOL_HC,5,Male,C,L,M,N,T,CLMNT
AMJI031230,Y2022,24/10/2022,Amhara,JABIE,Jiga,JIGA_HC,12,Male,C,L,M,N,T,CLMNT
AMJI031308,Y2022,18/11/2022,Amhara,JABIE,Jiga,JIGA_HC,18,Male,C,L,M,N,T,CLMNT
AMJI031296,Y2022,16/11/2022,Amhara,JABIE,Jiga,JIGA_HC,13,Male,C,L,M,N,T,CLMNT
AMAN030921,Y2022,44603,Amhara,B/DAR,Andansa,ANDANSA_HC,20,Female,C,L,M,N,T,CLMNT
ORME040639,Y2022,44783,Oromia,FENTALE,Metehara,METHARA SF HOSPITAL,20,Male,C,L,M,N,T,CLMNT
AMJI031218,Y2022,18/10/2022,Amhara,JABIE,Jiga,JIGA_HC,3,Female,C,L,M,N,T,CLMNT
ET_MT_537,Y2019,43466,Oromia,FENTALE,Metehara,Metehara_HC,22,Male,C,L,M,N,T,CLMNT
AMWO031563,Y2022,21/12/2022,Amhara,FOGERA,Woreta,WORETA_HC,5,Female,C,L,M,N,T,CLMNT
AMJI031248,Y2022,44593,Amhara,JABIE,Jiga,JIGA_HC,14,Female,C,L,M,N,T,CLMNT
AMAN030988,Y2022,29/11/2022,Amhara,B/DAR,Andansa,ANDANSA_HC,25,Male,C,L,M,N,T,CLMNT
ORME040644,Y2022,44783,Oromia,FENTALE,Metehara,METHARA SF HOSPITAL,20,Male,C,L,M,N,T,CLMNT
AMJI031227,Y2022,21/10/2022,Amhara,JABIE,Jiga,JIGA_HC,10,Male,C,L,M,N,T,CLMNT
GAAB092458,Y2022,23/11/22,Gambela,G/ZURIA,Abol,ABOL_HC,14,Female,C,L,M,N,T,CLMNT
ORME040698,Y2022,44905,Oromia,FENTALE,Metehara,METHARA SF HOSPITAL,30,Female,C,L,M,N,T,CLMNT
AMJI031269,Y2022,44815,Amhara,JABIE,Jiga,JIGA_HC,35,Female,C,L,M,N,T,CLMNT
AMAN030955,Y2022,18/11/2022,Amhara,B/DAR,Andansa,ANDANSA_HC,12,Male,C,L,M,N,T,CLMNT
ORME040678,Y2022,44844,Oromia,FENTALE,Metehara,METHARA SF HOSPITAL,18,Female,C,L,M,N,T,CLMNT
AMJI031236,Y2022,28/10/2022,Amhara,JABIE,Jiga,JIGA_HC,9,Male,C,L,M,N,T,CLMNT
GAAB092494,Y2022,44604,Gambela,G/ZURIA,Abol,ABOL_HC,6,Male,C,L,M,N,T,CLMNT
AMJI031294,Y2022,16/11/2022,Amhara,JABIE,Jiga,JIGA_HC,10,Female,C,L,M,N,T,CLMNT
AMAN030917,Y2022,44572,Amhara,B/DAR,Andansa,ANDANSA_HC,5,Male,C,L,M,N,T,CLMNT
GAAB092419,Y2022,14/11/2022,Gambela,G/ZURIA,Abol,ABOL_HC,15,Male,C,L,M,N,T,CLMNT
GAAB092405,Y2022,44815,Gambela,G/ZURIA,Abol,ABOL_HC,30,Male,C,L,M,N,K,CLMNK
GAAB092439,Y2022,18/11/2022,Gambela,G/ZURIA,Abol,ABOL_HC,44,Male,C,L,M,N,K,CLMNK
GAAB092413,Y2022,44845,Gambela,G/ZURIA,Abol,ABOL_HC,37,Male,C,L,M,N,K,CLMNK
GAAB092426,Y2022,15/11/2022,Gambela,G/ZURIA,Abol,ABOL_HC,35,Male,C,L,M,N,K,CLMNK
GAAB092535,Y2022,,Gambela,G/ZURIA,Abol,ABOL_HC,35,Female,C,L,M,N,K,CLMNK
GAAB092459,Y2022,24/11/22,Gambela,G/ZURIA,Abol,ABOL_HC,33,Female,C,L,M,N,K,CLMNK
GAAB092453,Y2022,22/11/22,Gambela,G/ZURIA,Abol,ABOL_HC,30,Female,C,L,M,N,K,CLMNK
GAAB092446,Y2022,21/11/2022,Gambela,G/ZURIA,Abol,ABOL_HC,30,Female,C,L,M,N,K,CLMNK
GAAB092466,Y2022,24/11/22,Gambela,G/ZURIA,Abol,ABOL_HC,28,Male,C,L,M,N,K,CLMNK
GAAB092465,Y2022,24/11/22,Gambela,G/ZURIA,Abol,ABOL_HC,28,Female,C,L,M,N,K,CLMNK
GAAB092402,Y2022,44784,Gambela,G/ZURIA,Abol,ABOL_HC,28,Male,C,L,M,N,K,CLMNK
GAAB092436,Y2022,17/11/2022,Gambela,G/ZURIA,Abol,ABOL_HC,27,Female,C,L,M,N,K,CLMNK
GAAB092438,Y2022,18/11/2022,Gambela,G/ZURIA,Abol,ABOL_HC,25,Female,C,L,M,N,K,CLMNK
GAAB092541,Y2022,20/12/22,Gambela,G/ZURIA,Abol,ABOL_HC,25,Male,C,L,M,N,K,CLMNK
GAAB092468,Y2022,24/11/22,Gambela,G/ZURIA,Abol,ABOL_HC,23,Female,C,L,M,N,K,CLMNK
GAAB092500,Y2022,44693,Gambela,G/ZURIA,Abol,ABOL_HC,22,Male,C,L,M,N,K,CLMNK
GAAB092433,Y2022,17/11/2022,Gambela,G/ZURIA,Abol,ABOL_HC,22,Female,C,L,M,N,K,CLMNK
GAAB092457,Y2022,23/11/22,Gambela,G/ZURIA,Abol,ABOL_HC,20,Female,C,L,M,N,K,CLMNK
GAAB092548,Y2022,,Gambela,G/ZURIA,Abol,ABOL_HC,19,Male,C,L,M,N,K,CLMNK
GAAB092540,Y2022,20/12/22,Gambela,G/ZURIA,Abol,ABOL_HC,19,Female,C,L,M,N,K,CLMNK
GAAB092461,Y2022,24/11/22,Gambela,G/ZURIA,Abol,ABOL_HC,18,Male,C,L,M,N,K,CLMNK
GAAB092455,Y2022,22/11/22,Gambela,G/ZURIA,Abol,ABOL_HC,17,Male,C,L,M,N,K,CLMNK
GAAB092415,Y2022,44876,Gambela,G/ZURIA,Abol,ABOL_HC,17,Female,C,L,M,N,K,CLMNK
GAAB092536,Y2022,19/12/22,Gambela,G/ZURIA,Abol,ABOL_HC,16,Female,C,L,M,N,K,CLMNK
GAAB092409,Y2022,44815,Gambela,G/ZURIA,Abol,ABOL_HC,16,Male,C,L,M,N,K,CLMNK
GAAB092417,Y2022,44876,Gambela,G/ZURIA,Abol,ABOL_HC,15,Male,C,L,M,N,K,CLMNK
GAAB092434,Y2022,17/11/2022,Gambela,G/ZURIA,Abol,ABOL_HC,15,Male,C,L,M,N,K,CLMNK
GAAB092562,Y2022,22/12/22,Gambela,G/ZURIA,Abol,ABOL_HC,15,Female,C,L,M,N,K,CLMNK
GAAB092495,Y2022,44604,Gambela,G/ZURIA,Abol,ABOL_HC,14,Female,C,L,M,N,K,CLMNK
GAAB092450,Y2022,21/11/22,Gambela,G/ZURIA,Abol,ABOL_HC,14,Male,C,L,M,N,K,CLMNK
GAAB092425,Y2022,14/11/2022,Gambela,G/ZURIA,Abol,ABOL_HC,14,Male,C,L,M,N,K,CLMNK
GAAB092401,Y2022,44784,Gambela,G/ZURIA,Abol,ABOL_HC,14,Male,C,L,M,N,K,CLMNK
GAAB092410,Y2022,44845,Gambela,G/ZURIA,Abol,ABOL_HC,14,Male,C,L,M,N,K,CLMNK
GAAB092481,Y2022,28/11/22,Gambela,G/ZURIA,Abol,ABOL_HC,13,Male,C,L,M,N,K,CLMNK
GAAB092547,Y2022,21/12/22,Gambela,G/ZURIA,Abol,ABOL_HC,13,Female,C,L,M,N,K,CLMNK
GAAB092534,Y2022,19/12/22,Gambela,G/ZURIA,Abol,ABOL_HC,13,Female,C,L,M,N,K,CLMNK
GAAB092472,Y2022,25/11/22,Gambela,G/ZURIA,Abol,ABOL_HC,12,Female,C,L,M,N,K,CLMNK
GAAB092440,Y2022,21/11/2022,Gambela,G/ZURIA,Abol,ABOL_HC,12,Male,C,L,M,N,K,CLMNK
GAAB092445,Y2022,21/11/2022,Gambela,G/ZURIA,Abol,ABOL_HC,12,Female,C,L,M,N,K,CLMNK
GAAB092539,Y2022,20/12/22,Gambela,G/ZURIA,Abol,ABOL_HC,12,Female,C,L,M,N,K,CLMNK
GAAB092432,Y2022,16/11/2022,Gambela,G/ZURIA,Abol,ABOL_HC,11,Male,C,L,M,N,K,CLMNK
GAAB092435,Y2022,17/11/2022,Gambela,G/ZURIA,Abol,ABOL_HC,11,Female,C,L,M,N,K,CLMNK
GAAB092515,Y2022,13/12/22,Gambela,G/ZURIA,Abol,ABOL_HC,11,Female,C,L,M,N,K,CLMNK
GAAB092406,Y2022,44815,Gambela,G/ZURIA,Abol,ABOL_HC,11,Male,C,L,M,N,K,CLMNK
GAAB092428,Y2022,15/11/2022,Gambela,G/ZURIA,Abol,ABOL_HC,10,Male,C,L,M,N,K,CLMNK
GAAB092429,Y2022,16/11/2022,Gambela,G/ZURIA,Abol,ABOL_HC,10,Female,C,L,M,N,K,CLMNK
GAAB092563,Y2022,23/12/22,Gambela,G/ZURIA,Abol,ABOL_HC,10,Female,C,L,M,N,K,CLMNK
GAAB092416,Y2022,44876,Gambela,G/ZURIA,Abol,ABOL_HC,9,Female,C,L,M,N,K,CLMNK
GAAB092522,Y2022,15/12/22,Gambela,G/ZURIA,Abol,ABOL_HC,9,Male,C,L,M,N,K,CLMNK
GAAB092403,Y2022,44784,Gambela,G/ZURIA,Abol,ABOL_HC,9,Female,C,L,M,N,K,CLMNK
GAAB092492,Y2022,44604,Gambela,G/ZURIA,Abol,ABOL_HC,8,Male,C,L,M,N,K,CLMNK
GAAB092480,Y2022,28/11/22,Gambela,G/ZURIA,Abol,ABOL_HC,8,Female,C,L,M,N,K,CLMNK
GAAB092427,Y2022,15/11/2022,Gambela,G/ZURIA,Abol,ABOL_HC,8,Male,C,L,M,N,K,CLMNK
GAAB092520,Y2022,15/12/22,Gambela,G/ZURIA,Abol,ABOL_HC,8,Female,C,L,M,N,K,CLMNK
GAAB092513,Y2022,44917,Gambela,G/ZURIA,Abol,ABOL_HC,8,Female,C,L,M,N,K,CLMNK
GAAB092474,Y2022,25/11/22,Gambela,G/ZURIA,Abol,ABOL_HC,7,Female,C,L,M,N,K,CLMNK
GAAB092560,Y2022,22/12/2022,Gambela,G/ZURIA,Abol,ABOL_HC,7,Female,C,L,M,N,K,CLMNK
GAAB092475,Y2022,25/11/22,Gambela,G/ZURIA,Abol,ABOL_HC,5,Male,C,L,M,N,K,CLMNK
GAAB092528,Y2022,15/12/22,Gambela,G/ZURIA,Abol,ABOL_HC,4,Female,C,L,M,N,K,CLMNK
GAAB092463,Y2022,24/11/22,Gambela,G/ZURIA,Abol,ABOL_HC,3,Female,C,L,M,N,K,CLMNK
GAAB092420,Y2022,14/11/2022,Gambela,G/ZURIA,Abol,ABOL_HC,3,Male,C,L,M,N,K,CLMNK
GAAB092442,Y2022,21/11/2022,Gambela,G/ZURIA,Abol,ABOL_HC,3,Male,C,L,M,N,K,CLMNK
GAAB092532,Y2022,16/12/22,Gambela,G/ZURIA,Abol,ABOL_HC,35,Female,C,L,M,N,K,CLMNK
GAAB092510,Y2022,44785,Gambela,G/ZURIA,Abol,ABOL_HC,35,Male,C,L,M,N,K,CLMNK
GAAB092538,Y2022,20/12/22,Gambela,G/ZURIA,Abol,ABOL_HC,28,Male,C,L,M,N,K,CLMNK
GAAB092469,Y2022,25/11/22,Gambela,G/ZURIA,Abol,ABOL_HC,27,Male,C,L,M,N,K,CLMNK
GAAB092518,Y2022,14/12/22,Gambela,G/ZURIA,Abol,ABOL_HC,25,Male,C,L,M,N,K,CLMNK
GAAB092516,Y2022,14/12/22,Gambela,G/ZURIA,Abol,ABOL_HC,25,Male,C,L,M,N,K,CLMNK
GAAB092519,Y2022,14/12/22,Gambela,G/ZURIA,Abol,ABOL_HC,23,Male,C,L,M,N,K,CLMNK
GAAB092502,Y2022,44724,Gambela,G/ZURIA,Abol,ABOL_HC,22,Male,C,L,M,N,K,CLMNK
GAAB092512,Y2022,44816,Gambela,G/ZURIA,Abol,ABOL_HC,20,Female,C,L,M,N,K,CLMNK
GAAB092508,Y2022,44785,Gambela,G/ZURIA,Abol,ABOL_HC,19,Male,C,L,M,N,K,CLMNK
GAAB092506,Y2022,44754,Gambela,G/ZURIA,Abol,ABOL_HC,18,Female,C,L,M,N,K,CLMNK
GAAB092546,Y2022,20/12/21,Gambela,G/ZURIA,Abol,ABOL_HC,17,Female,C,L,M,N,K,CLMNK
GAAB092517,Y2022,14/12/22,Gambela,G/ZURIA,Abol,ABOL_HC,17,Female,C,L,M,N,K,CLMNK
GAAB092526,Y2022,15/12/22,Gambela,G/ZURIA,Abol,ABOL_HC,16,Male,C,L,M,N,K,CLMNK
GAAB092549,Y2022,22/12/22,Gambela,G/ZURIA,Abol,ABOL_HC,15,Male,C,L,M,N,K,CLMNK
GAAB092561,Y2022,22/12/22,Gambela,G/ZURIA,Abol,ABOL_HC,14,Male,C,L,M,N,K,CLMNK
GAAB092489,Y2022,44573,Gambela,G/ZURIA,Abol,ABOL_HC,13,Female,C,L,M,N,K,CLMNK
GAAB092479,Y2022,25/11/22,Gambela,G/ZURIA,Abol,ABOL_HC,13,Male,C,L,M,N,K,CLMNK
GAAB092545,Y2022,20/12/22,Gambela,G/ZURIA,Abol,ABOL_HC,13,Male,C,L,M,N,K,CLMNK
GAAB092530,Y2022,16/12/22,Gambela,G/ZURIA,Abol,ABOL_HC,13,Female,C,L,M,N,K,CLMNK
GAAB092529,Y2022,16/12/22,Gambela,G/ZURIA,Abol,ABOL_HC,13,Male,C,L,M,N,K,CLMNK
GAAB092523,Y2022,15/12/22,Gambela,G/ZURIA,Abol,ABOL_HC,13,Male,C,L,M,N,K,CLMNK
GAAB092564,Y2022,23/12/22,Gambela,G/ZURIA,Abol,ABOL_HC,12,Female,C,L,M,N,K,CLMNK
GAAB092543,Y2022,20/12/22,Gambela,G/ZURIA,Abol,ABOL_HC,11,Female,C,L,M,N,K,CLMNK
GAAB092498,Y2022,44693,Gambela,G/ZURIA,Abol,ABOL_HC,10,Female,C,L,M,N,K,CLMNK
GAAB092478,Y2022,25/1122,Gambela,G/ZURIA,Abol,ABOL_HC,10,Female,C,L,M,N,K,CLMNK
GAAB092521,Y2022,15/22/22,Gambela,G/ZURIA,Abol,ABOL_HC,10,Female,C,L,M,N,K,CLMNK
GAAB092511,Y2022,44816,Gambela,G/ZURIA,Abol,ABOL_HC,9,Female,C,L,M,N,K,CLMNK
GAAB092509,Y2022,44785,Gambela,G/ZURIA,Abol,ABOL_HC,9,Female,C,L,M,N,K,CLMNK
GAAB092488,Y2022,44573,Gambela,G/ZURIA,Abol,ABOL_HC,8,Female,C,L,M,N,K,CLMNK
GAAB092504,Y2022,44754,Gambela,G/ZURIA,Abol,ABOL_HC,5,Male,C,L,M,N,K,CLMNK
GAAB092501,Y2022,44693,Gambela,G/ZURIA,Abol,ABOL_HC,4,Male,C,L,M,N,K,CLMNK
GAAB092487,Y2022,44573,Gambela,G/ZURIA,Abol,ABOL_HC,2,Female,C,L,M,N,K,CLMNK
GAAB092456,Y2022,23/11/22,Gambela,G/ZURIA,Abol,ABOL_HC,70,Male,C,L,M,N,K,CLMNK
GAAB092499,Y2022,28/11/22,Gambela,G/ZURIA,Abol,ABOL_HC,30,Female,C,L,M,N,K,CLMNK
GAAB092454,Y2022,22/11/22,Gambela,G/ZURIA,Abol,ABOL_HC,28,Male,C,L,M,N,K,CLMNK
GAAB092533,Y2022,16/12/22,Gambela,G/ZURIA,Abol,ABOL_HC,23,Female,C,L,M,N,K,CLMNK
GAAB092441,Y2022,21/11/2022,Gambela,G/ZURIA,Abol,ABOL_HC,13,Male,C,L,M,N,K,CLMNK
GAAB092531,Y2022,16/12/22,Gambela,G/ZURIA,Abol,ABOL_HC,13,Female,C,L,M,N,K,CLMNK
GAAB092493,Y2022,44604,Gambela,G/ZURIA,Abol,ABOL_HC,12,Male,C,L,M,N,K,CLMNK
AMAN030907,Y2022,20/10/2022,Amhara,B/DAR,Andansa,ANDANSA_HC,55,Male,C,L,M,N,K,CLMNK
AMAN030933,Y2022,44815,Amhara,B/DAR,Andansa,ANDANSA_HC,40,Female,C,L,M,N,K,CLMNK
AMAN030905,Y2022,19/10/2022,Amhara,B/DAR,Andansa,ANDANSA_HC,30,Female,C,L,M,N,K,CLMNK
AMAN031018,Y2022,14/12/2022,Amhara,B/DAR,Andansa,ANDANSA_HC,20,Female,C,L,M,N,K,CLMNK
AMAN031020,Y2022,19/11/2022,Amhara,B/DAR,Andansa,ANDANSA_HC,19,Male,C,L,M,N,K,CLMNK
AMAN030926,Y2022,44662,Amhara,B/DAR,Andansa,ANDANSA_HC,19,Male,C,L,M,N,K,CLMNK
AMAN030935,Y2022,44845,Amhara,B/DAR,Andansa,ANDANSA_HC,15,Male,C,L,M,N,K,CLMNK
AMAN030987,Y2022,29/11/2022,Amhara,B/DAR,Andansa,ANDANSA_HC,15,Male,C,L,M,N,K,CLMNK
AMAN031003,Y2022,44573,Amhara,B/DAR,Andansa,ANDANSA_HC,12,Male,C,L,M,N,K,CLMNK
AMAN030957,Y2022,18/11/2022,Amhara,B/DAR,Andansa,ANDANSA_HC,12,Female,C,L,M,N,K,CLMNK
AMAN030990,Y2022,30/11/2022,Amhara,B/DAR,Andansa,ANDANSA_HC,6,Male,C,L,M,N,K,CLMNK
ORAS040002,Y2022,14/10/2022,Oromia,Asendabo,Asendabo,ASENDABO_HC,20,Male,C,L,M,N,K,CLMNK
SOER052716,Y2022,22/11/22,Somali,ERER,Erer,ERER_HC,49,Male,C,L,M,N,K,CLMNK
SOER052744,Y2022,16/11/22,Somali,ERER,Erer,ERER_HC,32,Male,C,L,M,N,K,CLMNK
SOER052712,Y2022,17/10/22,Somali,ERER,Erer,ERER_HC,20,Female,C,L,M,N,K,CLMNK
AMJI031203,Y2022,13/10/2022,Amhara,JABIE,Jiga,JIGA_HC,36,Male,C,L,M,N,K,CLMNK
AMJI031249,Y2022,44621,Amhara,JABIE,Jiga,JIGA_HC,18,Male,C,L,M,N,K,CLMNK
AMJI031332,Y2022,23/12/2022,Amhara,JABIE,Jiga,JIGA_HC,14,Female,C,L,M,N,K,CLMNK
AMJI031290,Y2022,14/11/2022,Amhara,JABIE,Jiga,JIGA_HC,30,Female,C,L,M,N,K,CLMNK
AMJI031256,Y2022,44753,Amhara,JABIE,Jiga,JIGA_HC,18,Male,C,L,M,N,K,CLMNK
AMJI031226,Y2022,20/10/2022,Amhara,JABIE,Jiga,JIGA_HC,14,Female,C,L,M,N,K,CLMNK
AMJI031282,Y2022,14/11/2022,Amhara,JABIE,Jiga,JIGA_HC,12,Male,C,L,M,N,K,CLMNK
ET_MT_573,Y2019,43466,Oromia,FENTALE,Metehara,Metehara_HC,14,Female,C,L,M,N,K,CLMNK
ORME040689,Y2022,44905,Oromia,FENTALE,Metehara,METHARA SF HOSPITAL,14,Male,C,L,M,N,K,CLMNK
ORME040601,Y2022,44571,Oromia,FENTALE,Metehara,METHARA SF HOSPITAL,18,Female,C,L,M,N,K,CLMNK
ORME040670,Y2022,44844,Oromia,FENTALE,Metehara,METHARA SF HOSPITAL,22,Male,C,L,M,N,K,CLMNK
AMWO031512,Y2022,14/11/2022,Amhara,FOGERA,Woreta,WORETA_HC,55,Male,C,L,M,N,K,CLMNK
AMWO031551,Y2022,14/12/2022,Amhara,WORETA,Woreta,WORETA_HC,42,Male,C,L,M,N,K,CLMNK
AMWO031547,Y2022,14/12/2022,Amhara,FOGERA,Woreta,WORETA_HC,30,Female,C,L,M,N,K,CLMNK
AMWO031557,Y2022,14/12/2022,Amhara,WORETA,Woreta,WORETA_HC,19,Female,C,L,M,N,K,CLMNK
AMAN031021,Y2022,19/11/2022,Amhara,B/DAR,Andansa,ANDANSA_HC,40,Female,C,V,I,N,T,CVINT
AMAN031027,Y2023,44959,Amhara,B/DAR,Andansa,ANDANSA_HC,20,Male,C,V,I,N,T,CVINT
AMAN030908,Y2022,23/10/2022,Amhara,B/DAR,Andansa,ANDANSA_HC,13,Male,C,V,I,N,T,CVINT
AMAN030997,Y2022,30/11/2022,Amhara,B/DAR,Andansa,ANDANSA_HC,8,Female,C,V,I,N,T,CVINT
AMAN030971,Y2022,24/11/2022,Amhara,B/DAR,Andansa,ANDANSA_HC,8,Male,C,V,I,N,T,CVINT
GAAB092476,Y2022,25/11/22,Gambela,G/ZURIA,Abol,ABOL_HC,16,Male,C,V,I,E,T,CVIET
GAAB092424,Y2022,14/11/2022,Gambela,G/ZURIA,Abol,ABOL_HC,15,Female,C,V,I,E,T,CVIET
GAAB092503,Y2022,44754,Gambela,G/ZURIA,Abol,ABOL_HC,12,Female,C,V,I,E,T,CVIET
GAAB092505,Y2022,44754,Gambela,G/ZURIA,Abol,ABOL_HC,11,Female,C,V,I,E,T,CVIET
AMAN030922,Y2022,44662,Amhara,B/DAR,Andansa,ANDANSA_HC,60,Female,C,V,I,E,T,CVIET
AMAN030953,Y2022,18/11/2022,Amhara,B/DAR,Andansa,ANDANSA_HC,60,Male,C,V,I,E,T,CVIET
AMAN031019,Y2022,19/12/2022,Amhara,B/DAR,Andansa,ANDANSA_HC,40,Male,C,V,I,E,T,CVIET
AMAN031000,Y2022,44573,Amhara,B/DAR,Andansa,ANDANSA_HC,38,Male,C,V,I,E,T,CVIET
AMAN030951,Y2022,18/11/2022,Amhara,B/DAR,Andansa,ANDANSA_HC,38,Male,C,V,I,E,T,CVIET
AMAN030952,Y2022,18/11/2022,Amhara,B/DAR,Andansa,ANDANSA_HC,36,Female,C,V,I,E,T,CVIET
AMAN031017,Y2022,13/12/2022,Amhara,B/DAR,Andansa,ANDANSA_HC,35,Male,C,V,I,E,T,CVIET
AMAN030966,Y2022,24/11/2022,Amhara,B/DAR,Andansa,ANDANSA_HC,35,Male,C,V,I,E,T,CVIET
AMAN030902,Y2022,44815,Amhara,B/DAR,Andansa,ANDANSA_HC,33,Female,C,V,I,E,T,CVIET
AMAN030985,Y2022,29/11/2022,Amhara,B/DAR,Andansa,ANDANSA_HC,31,Female,C,V,I,E,T,CVIET
AMAN031007,Y2022,44604,Amhara,B/DAR,Andansa,ANDANSA_HC,30,Female,C,V,I,E,T,CVIET
AMAN031008,Y2022,44693,Amhara,B/DAR,Andansa,ANDANSA_HC,30,Female,C,V,I,E,T,CVIET
AMAN031022,Y2022,20/12/2022,Amhara,B/DAR,Andansa,ANDANSA_HC,30,Male,C,V,I,E,T,CVIET
AMAN030911,Y2022,27/10/2022,Amhara,B/DAR,Andansa,ANDANSA_HC,30,Female,C,V,I,E,T,CVIET
AMAN030929,Y2022,44815,Amhara,B/DAR,Andansa,ANDANSA_HC,30,Male,C,V,I,E,T,CVIET
AMAN030954,Y2022,18/11/2022,Amhara,B/DAR,Andansa,ANDANSA_HC,30,Male,C,V,I,E,T,CVIET
AMAN030982,Y2022,28/11/2022,Amhara,B/DAR,Andansa,ANDANSA_HC,30,Male,C,V,I,E,T,CVIET
AMAN030903,Y2022,14/10/2022,Amhara,B/DAR,Andansa,ANDANSA_HC,29,Male,C,V,I,E,T,CVIET
AMAN030976,Y2022,25/11/2022,Amhara,B/DAR,Andansa,ANDANSA_HC,29,Male,C,V,I,E,T,CVIET
AMAN031001,Y2022,44573,Amhara,B/DAR,Andansa,ANDANSA_HC,28,Male,C,V,I,E,T,CVIET
AMAN030975,Y2022,25/11/2022,Amhara,B/DAR,Andansa,ANDANSA_HC,28,Female,C,V,I,E,T,CVIET
AMAN030904,Y2022,14/10/2022,Amhara,B/DAR,Andansa,ANDANSA_HC,25,Male,C,V,I,E,T,CVIET
AMAN030928,Y2022,44784,Amhara,B/DAR,Andansa,ANDANSA_HC,25,Male,C,V,I,E,T,CVIET
AMAN030940,Y2022,15/11/2022,Amhara,B/DAR,Andansa,ANDANSA_HC,25,Male,C,V,I,E,T,CVIET
AMAN030989,Y2022,29/11/2022,Amhara,B/DAR,Andansa,ANDANSA_HC,25,Male,C,V,I,E,T,CVIET
AMAN030948,Y2022,17/11/2022,Amhara,B/DAR,Andansa,ANDANSA_HC,24,Male,C,V,I,E,T,CVIET
AMAN030956,Y2022,18/11/2022,Amhara,B/DAR,Andansa,ANDANSA_HC,23,Male,C,V,I,E,T,CVIET
AMAN030972,Y2022,24/11/2022,Amhara,B/DAR,Andansa,ANDANSA_HC,23,Male,C,V,I,E,T,CVIET
AMAN031004,Y2022,44573,Amhara,B/DAR,Andansa,ANDANSA_HC,22,Male,C,V,I,E,T,CVIET
AMAN030916,Y2022,44572,Amhara,B/DAR,Andansa,ANDANSA_HC,22,Male,C,V,I,E,T,CVIET
AMAN030920,Y2022,44603,Amhara,B/DAR,Andansa,ANDANSA_HC,22,Male,C,V,I,E,T,CVIET
AMAN031010,Y2022,44754,Amhara,B/DAR,Andansa,ANDANSA_HC,21,Female,C,V,I,E,T,CVIET
AMAN031023,Y2022,26/12/2022,Amhara,B/DAR,Andansa,ANDANSA_HC,21,Male,C,V,I,E,T,CVIET
AMAN030961,Y2022,22/11/2022,Amhara,B/DAR,Andansa,ANDANSA_HC,21,Male,C,V,I,E,T,CVIET
AMAN031015,Y2022,13/12/2022,Amhara,B/DAR,Andansa,ANDANSA_HC,20,Male,C,V,I,E,T,CVIET
AMAN031026,Y2023,44959,Amhara,B/DAR,Andansa,ANDANSA_HC,20,Female,C,V,I,E,T,CVIET
AMAN030913,Y2022,28/10/2022,Amhara,B/DAR,Andansa,ANDANSA_HC,20,Male,C,V,I,E,T,CVIET
AMAN030932,Y2022,44815,Amhara,B/DAR,Andansa,ANDANSA_HC,20,Male,C,V,I,E,T,CVIET
AMAN030958,Y2022,18/11/2022,Amhara,B/DAR,Andansa,ANDANSA_HC,20,Male,C,V,I,E,T,CVIET
AMAN030979,Y2022,26/11/2022,Amhara,B/DAR,Andansa,ANDANSA_HC,20,Male,C,V,I,E,T,CVIET
AMAN031012,Y2022,44754,Amhara,B/DAR,Andansa,ANDANSA_HC,19,Male,C,V,I,E,T,CVIET
AMAN030996,Y2022,30/11/2022,Amhara,B/DAR,Andansa,ANDANSA_HC,18,Male,C,V,I,E,T,CVIET
AMAN031005,Y2022,44573,Amhara,B/DAR,Andansa,ANDANSA_HC,18,Female,C,V,I,E,T,CVIET
AMAN031013,Y2022,44785,Amhara,B/DAR,Andansa,ANDANSA_HC,18,Male,C,V,I,E,T,CVIET
AMAN030931,Y2022,44815,Amhara,B/DAR,Andansa,ANDANSA_HC,18,Female,C,V,I,E,T,CVIET
AMAN030943,Y2022,16/11/2022,Amhara,B/DAR,Andansa,ANDANSA_HC,18,Female,C,V,I,E,T,CVIET
AMAN030945,Y2022,16/11/2022,Amhara,B/DAR,Andansa,ANDANSA_HC,18,Male,C,V,I,E,T,CVIET
AMAN030964,Y2022,23/11/2022,Amhara,B/DAR,Andansa,ANDANSA_HC,18,Male,C,V,I,E,T,CVIET
AMAN030938,Y2022,44906,Amhara,B/DAR,Andansa,ANDANSA_HC,17,Female,C,V,I,E,T,CVIET
AMAN030937,Y2022,44845,Amhara,B/DAR,Andansa,ANDANSA_HC,16,Female,C,V,I,E,T,CVIET
AMAN030927,Y2022,44692,Amhara,B/DAR,Andansa,ANDANSA_HC,15,Male,C,V,I,E,T,CVIET
AMAN030930,Y2022,44815,Amhara,B/DAR,Andansa,ANDANSA_HC,15,Female,C,V,I,E,T,CVIET
AMAN030998,Y2022,44573,Amhara,B/DAR,Andansa,ANDANSA_HC,14,Male,C,V,I,E,T,CVIET
AMAN030912,Y2022,27/10/2022,Amhara,B/DAR,Andansa,ANDANSA_HC,14,Male,C,V,I,E,T,CVIET
AMAN030936,Y2022,44845,Amhara,B/DAR,Andansa,ANDANSA_HC,14,Male,C,V,I,E,T,CVIET
AMAN030914,Y2022,28/10/2022,Amhara,B/DAR,Andansa,ANDANSA_HC,12,Male,C,V,I,E,T,CVIET
AMAN030967,Y2022,24/11/2022,Amhara,B/DAR,Andansa,ANDANSA_HC,12,Female,C,V,I,E,T,CVIET
AMAN030991,Y2022,30/11/2022,Amhara,B/DAR,Andansa,ANDANSA_HC,12,Male,C,V,I,E,T,CVIET
AMAN030906,Y2022,19/10/2022,Amhara,B/DAR,Andansa,ANDANSA_HC,11,Female,C,V,I,E,T,CVIET
AMAN030999,Y2022,44573,Amhara,B/DAR,Andansa,ANDANSA_HC,10,Female,C,V,I,E,T,CVIET
AMAN030915,Y2022,28/10/2022,Amhara,B/DAR,Andansa,ANDANSA_HC,10,Male,C,V,I,E,T,CVIET
AMAN030983,Y2022,29/11/2022,Amhara,B/DAR,Andansa,ANDANSA_HC,9,Female,C,V,I,E,T,CVIET
AMAN031002,Y2022,44573,Amhara,B/DAR,Andansa,ANDANSA_HC,8,Male,C,V,I,E,T,CVIET
AMAN030963,Y2022,22/11/2022,Amhara,B/DAR,Andansa,ANDANSA_HC,8,Male,C,V,I,E,T,CVIET
AMAN030918,Y2022,44603,Amhara,B/DAR,Andansa,ANDANSA_HC,7,Female,C,V,I,E,T,CVIET
AMAN030944,Y2022,16/11/2022,Amhara,B/DAR,Andansa,ANDANSA_HC,7,Male,C,V,I,E,T,CVIET
AMAN030993,Y2022,30/11/2022,Amhara,B/DAR,Andansa,ANDANSA_HC,6,Male,C,V,I,E,T,CVIET
AMAN030924,Y2022,44662,Amhara,B/DAR,Andansa,ANDANSA_HC,5,Female,C,V,I,E,T,CVIET
AMAN030946,Y2022,17/11/2022,Amhara,B/DAR,Andansa,ANDANSA_HC,5,Female,C,V,I,E,T,CVIET
AMAN030968,Y2022,24/11/2022,Amhara,B/DAR,Andansa,ANDANSA_HC,5,Female,C,V,I,E,T,CVIET
AMAN030947,Y2022,17/11/2022,Amhara,B/DAR,Andansa,ANDANSA_HC,4,Male,C,V,I,E,T,CVIET
AMAN031024,Y2023,44928,Amhara,B/DAR,Andansa,ANDANSA_HC,2,Female,C,V,I,E,T,CVIET
ORAS040020,Y2022,19/11/2022,Oromia,Asendabo,Asendabo,ASENDABO_HC,20,Male,C,V,I,E,T,CVIET
ORAS040007,Y2022,30/10/2022,Oromia,Asendabo,Asendabo,ASENDABO_HC,14,Male,C,V,I,E,T,CVIET
ORAS040014,Y2022,44753,Oromia,Asendabo,Asendabo,ASENDABO_HC,8,Male,C,V,I,E,T,CVIET
ORAS040011,Y2022,44603,Oromia,Asendabo,Asendabo,ASENDABO_HC,3,Male,C,V,I,E,T,CVIET
ORAS040005,Y2022,28/10/2022,Oromia,Asendabo,Asendabo,ASENDABO_HC,67,Female,C,V,I,E,T,CVIET
ORAS040016,Y2022,14/11/2022,Oromia,Asendabo,Asendabo,ASENDABO_HC,30,Female,C,V,I,E,T,CVIET
ORAS040006,Y2022,31/10/2022,Oromia,Asendabo,Asendabo,ASENDABO_HC,28,Male,C,V,I,E,T,CVIET
ORAS040013,Y2022,44753,Oromia,Asendabo,Asendabo,ASENDABO_HC,26,Male,C,V,I,E,T,CVIET
ORAS040032,Y2022,44847,Oromia,Asendabo,Asendabo,ASENDABO_HC,25,Male,C,V,I,E,T,CVIET
ORAS040018,Y2022,16/11/2022,Oromia,Asendabo,Asendabo,ASENDABO_HC,20,Male,C,V,I,E,T,CVIET
ORAS040027,Y2022,44724,Oromia,Asendabo,Asendabo,ASENDABO_HC,18,Female,C,V,I,E,T,CVIET
ORAS040001,Y2022,13/10/2022,Oromia,Asendabo,Asendabo,ASENDABO_HC,15,Female,C,V,I,E,T,CVIET
ORAS040008,Y2022,30/10/2022,Oromia,Asendabo,Asendabo,ASENDABO_HC,12,Male,C,V,I,E,T,CVIET
ORAS040010,Y2022,31/10/2022,Oromia,Asendabo,Asendabo,ASENDABO_HC,12,Male,C,V,I,E,T,CVIET
ORAS040030,Y2022,14/12/2022,Oromia,Asendabo,Asendabo,ASENDABO_HC,11,Male,C,V,I,E,T,CVIET
ORAS040004,Y2022,24/10/2022,Oromia,Asendabo,Asendabo,ASENDABO_HC,11,Male,C,V,I,E,T,CVIET
ORAS040029,Y2022,13/12/2022,Oromia,Asendabo,Asendabo,ASENDABO_HC,10,Male,C,V,I,E,T,CVIET
ORAS040012,Y2022,44692,Oromia,Asendabo,Asendabo,ASENDABO_HC,10,Male,C,V,I,E,T,CVIET
ORAS040015,Y2022,44784,Oromia,Asendabo,Asendabo,ASENDABO_HC,10,Male,C,V,I,E,T,CVIET
ORAS040031,Y2022,44846,Oromia,Asendabo,Asendabo,ASENDABO_HC,9,Female,C,V,I,E,T,CVIET
ORAS040026,Y2022,44724,Oromia,Asendabo,Asendabo,ASENDABO_HC,6,Female,C,V,I,E,T,CVIET
ORAS040028,Y2022,44785,Oromia,Asendabo,Asendabo,ASENDABO_HC,6,Male,C,V,I,E,T,CVIET
ORAS040021,Y2022,25/11/2022,Oromia,Asendabo,Asendabo,ASENDABO_HC,5,Male,C,V,I,E,T,CVIET
ORAS040017,Y2022,16/11/2022,Oromia,Asendabo,Asendabo,ASENDABO_HC,5,Male,C,V,I,E,T,CVIET
ORAS040022,Y2022,25/11/2022,Oromia,Asendabo,Asendabo,ASENDABO_HC,4,Male,C,V,I,E,T,CVIET
ORAS040019,Y2022,17/11/2022,Oromia,Asendabo,Asendabo,ASENDABO_HC,3,Male,C,V,I,E,T,CVIET
ORBA040309,Y2022,21/12/22,Oromia,BATU,Batu,BATU_HC,12,Male,C,V,I,E,T,CVIET
ORBA040326,Y2022,44876,Oromia,BATU,Batu,BATU_HC,4,Female,C,V,I,E,T,CVIET
ORBA040305,Y2022,22/12/22,Oromia,BATU,Batu,BATU_HC,19,Male,C,V,I,E,T,CVIET
ORBA040313,Y2022,15/12/22,Oromia,BATU,Batu,BATU_HC,23,Female,C,V,I,E,T,CVIET
ORBA040302,Y2022,26/12/22,Oromia,BATU,Batu,BATU_HC,18,Male,C,V,I,E,T,CVIET
ORBA040331,Y2023,24/03/2015,Oromia,BATU,Batu,BATU_HC,33,Male,C,V,I,E,T,CVIET
ORBA040310,Y2022,16/12/22,Oromia,BATU,Batu,BATU_HC,19,Male,C,V,I,E,T,CVIET
ORBA040314,Y2022,44604,Oromia,BATU,Batu,BATU_HC,28,Female,C,V,I,E,T,CVIET
ORBA040316,Y2022,16/11/22,Oromia,BATU,Batu,BATU_HC,15,Female,C,V,I,E,T,CVIET
ORBA040306,Y2022,22/12/22,Oromia,BATU,Batu,BATU_HC,19,Male,C,V,I,E,T,CVIET
ORBA040301,Y2022,23/12/22,Oromia,BATU,Batu,BATU_HC,30,Female,C,V,I,E,T,CVIET
ORBA040338,Y2023,24/4/2015,Oromia,BATU,Batu,BATU_HC,19,Female,C,V,I,E,T,CVIET
ORBA040311,Y2022,15/12/22,Oromia,BATU,Batu,BATU_HC,15,Male,C,V,I,E,T,CVIET
ORBA040330,Y2022,15/11/22,Oromia,BATU,Batu,BATU_HC,24,Male,C,V,I,E,T,CVIET
ORBA040317,Y2022,15/11/22,Oromia,BATU,Batu,BATU_HC,13,Female,C,V,I,E,T,CVIET
ORBA040307,Y2022,21/12/22,Oromia,BATU,Batu,BATU_HC,20,Female,C,V,I,E,T,CVIET
ORBA040322,Y2022,15/11/22,Oromia,BATU,Batu,BATU_HC,12,Male,C,V,I,E,T,CVIET
ORBA040319,Y2022,15/11/22,Oromia,BATU,Batu,BATU_HC,10,Male,C,V,I,E,T,CVIET
ORBA040333,Y2023,42189,Oromia,BATU,Batu,BATU_HC,15,Female,C,V,I,E,T,CVIET
ORBA040303,Y2022,22/12/22,Oromia,BATU,Batu,BATU_HC,9,Female,C,V,I,E,T,CVIET
ORBA040308,Y2022,21/12/22,Oromia,BATU,Batu,BATU_HC,10,Male,C,V,I,E,T,CVIET
ORBA040324,Y2022,14/11/22,Oromia,BATU,Batu,BATU_HC,18,Male,C,V,I,E,T,CVIET
ORBA040304,Y2022,22/12/22,Oromia,BATU,Batu,BATU_HC,21,Female,C,V,I,E,T,CVIET
ORBA040323,Y2022,14/11/22,Oromia,BATU,Batu,BATU_HC,14,Male,C,V,I,E,T,CVIET
SNDI071805,Y2022,44905,SNNP,DILLA,Dilla,DILLA_HC,13,Male,C,V,I,E,T,CVIET
SNDI071804,Y2022,44875,SNNP,DILLA,Dilla,DILLA_HC,9,Female,C,V,I,E,T,CVIET
SOER052762,Y2022,44604,Somali,ERER,Erer,ERER_HC,43,Female,C,V,I,E,T,CVIET
SOER052797,Y2023,45272,Somali,ERER,Erer,ERER_HC,42,Male,C,V,I,E,T,CVIET
SOER052727,Y2022,44784,Somali,ERER,Erer,ERER_HC,42,Male,C,V,I,E,T,CVIET
SOER052766,Y2022,44785,Somali,ERER,Erer,ERER_HC,21,Male,C,V,I,E,T,CVIET
SOER052778,Y2022,29/12/22,Somali,ERER,Erer,ERER_HC,19,Male,C,V,I,E,T,CVIET
SOER052775,Y2022,13/12/22,Somali,ERER,Erer,ERER_HC,110,Male,C,V,I,E,T,CVIET
SOER052758,Y2022,23/11/22,Somali,ERER,Erer,ERER_HC,56,Female,C,V,I,E,T,CVIET
SOER052743,Y2022,16/11/22,Somali,ERER,Erer,ERER_HC,43,Male,C,V,I,E,T,CVIET
SOER052732,Y2022,44723,Somali,ERER,Erer,ERER_HC,42,Male,C,V,I,E,T,CVIET
SOER052796,Y2023,45261,Somali,ERER,Erer,ERER_HC,39,Male,C,V,I,E,T,CVIET
SOER052745,Y2022,16/11/22,Somali,ERER,Erer,ERER_HC,38,Male,C,V,I,E,T,CVIET
SOER052755,Y2022,22/11/22,Somali,ERER,Erer,ERER_HC,32,Female,C,V,I,E,T,CVIET
SOER052742,Y2022,14/11/22,Somali,ERER,Erer,ERER_HC,32,Male,C,V,I,E,T,CVIET
SOER052757,Y2022,22/11/22,Somali,ERER,Erer,ERER_HC,30,Female,C,V,I,E,T,CVIET
SOER052718,Y2022,30/10/22,Somali,ERER,Erer,ERER_HC,28,Male,C,V,I,E,T,CVIET
SOER052711,Y2022,17/10/22,Somali,ERER,Erer,ERER_HC,26,Female,C,V,I,E,T,CVIET
SOER052704,Y2022,44752,Somali,ERER,Erer,ERER_HC,23,Male,C,V,I,E,T,CVIET
SOER052770,Y2022,13/12/22,Somali,ERER,Erer,ERER_HC,22,Male,C,V,I,E,T,CVIET
SOER052735,Y2022,44784,Somali,ERER,Erer,ERER_HC,22,Male,C,V,I,E,T,CVIET
SOER052710,Y2022,13/10/22,Somali,ERER,Erer,ERER_HC,21,Female,C,V,I,E,T,CVIET
SOER052799,Y2023,15/1/23,Somali,ERER,Erer,ERER_HC,19,Male,C,V,I,E,T,CVIET
SOER052773,Y2022,19/12/22,Somali,ERER,Erer,ERER_HC,19,Male,C,V,I,E,T,CVIET
SOER052703,Y2022,44722,Somali,ERER,Erer,ERER_HC,19,Female,C,V,I,E,T,CVIET
SOER052713,Y2022,17/10/22,Somali,ERER,Erer,ERER_HC,18,Female,C,V,I,E,T,CVIET
SOER052708,Y2022,44844,Somali,ERER,Erer,ERER_HC,15,Female,C,V,I,E,T,CVIET
SOER052766,Y2022,44724,Somali,ERER,Erer,ERER_HC,14,Female,C,V,I,E,T,CVIET
SOER052714,Y2022,20/10/22,Somali,ERER,Erer,ERER_HC,13,Male,C,V,I,E,T,CVIET
AMJI031244,Y2022,44562,Amhara,JABIE,Jiga,JIGA_HC,24,Male,C,V,I,E,T,CVIET
AMJI031243,Y2022,44562,Amhara,JABIE,Jiga,JIGA_HC,18,Male,C,V,I,E,T,CVIET
AMJI031211,Y2022,17/10/2022,Amhara,JABIE,Jiga,JIGA_HC,13,Female,C,V,I,E,T,CVIET
AMJI031262,Y2022,44784,Amhara,JABIE,Jiga,JIGA_HC,60,Male,C,V,I,E,T,CVIET
AMJI031263,Y2022,44784,Amhara,JABIE,Jiga,JIGA_HC,53,Female,C,V,I,E,T,CVIET
AMJI031267,Y2022,44815,Amhara,JABIE,Jiga,JIGA_HC,46,Female,C,V,I,E,T,CVIET
AMJI031325,Y2022,44816,Amhara,JABIE,Jiga,JIGA_HC,42,Female,C,V,I,E,T,CVIET
AMJI031295,Y2022,16/11/2022,Amhara,JABIE,Jiga,JIGA_HC,42,Female,C,V,I,E,T,CVIET
AMJI031285,Y2022,14/11/2022,Amhara,JABIE,Jiga,JIGA_HC,41,Male,C,V,I,E,T,CVIET
AMJI031220,Y2022,19/10/2022,Amhara,JABIE,Jiga,JIGA_HC,35,Female,C,V,I,E,T,CVIET
AMJI031283,Y2022,14/11/2022,Amhara,JABIE,Jiga,JIGA_HC,35,Male,C,V,I,E,T,CVIET
AMJI031215,Y2022,18/10/2022,Amhara,JABIE,Jiga,JIGA_HC,31,Male,C,V,I,E,T,CVIET
AMJI031265,Y2022,44784,Amhara,JABIE,Jiga,JIGA_HC,28,Female,C,V,I,E,T,CVIET
AMJI031207,Y2022,17/10/2022,Amhara,JABIE,Jiga,JIGA_HC,26,Male,C,V,I,E,T,CVIET
AMJI031321,Y2022,24/11/2022,Amhara,JABIE,Jiga,JIGA_HC,25,Female,C,V,I,E,T,CVIET
AMJI031268,Y2022,44815,Amhara,JABIE,Jiga,JIGA_HC,23,Female,C,V,I,E,T,CVIET
AMJI031208,Y2022,15/10/2022,Amhara,JABIE,Jiga,JIGA_HC,22,Female,C,V,I,E,T,CVIET
AMJI031251,Y2022,44662,Amhara,JABIE,Jiga,JIGA_HC,21,Male,C,V,I,E,T,CVIET
AMJI031204,Y2022,14/10/2022,Amhara,JABIE,Jiga,JIGA_HC,20,Female,C,V,I,E,T,CVIET
AMJI031259,Y2022,44784,Amhara,JABIE,Jiga,JIGA_HC,20,Male,C,V,I,E,T,CVIET
AMJI031210,Y2022,17/10/2022,Amhara,JABIE,Jiga,JIGA_HC,19,Female,C,V,I,E,T,CVIET
AMJI031223,Y2022,19/10/2022,Amhara,JABIE,Jiga,JIGA_HC,19,Male,C,V,I,E,T,CVIET
AMJI031306,Y2022,18/11/2022,Amhara,JABIE,Jiga,JIGA_HC,18,Male,C,V,I,E,T,CVIET
AMJI031322,Y2022,30/11/2022,Amhara,JABIE,Jiga,JIGA_HC,18,Male,C,V,I,E,T,CVIET
AMJI031224,Y2022,19/10/2022,Amhara,JABIE,Jiga,JIGA_HC,18,Female,C,V,I,E,T,CVIET
AMJI031235,Y2022,27/10/2022,Amhara,JABIE,Jiga,JIGA_HC,18,Male,C,V,I,E,T,CVIET
AMJI031281,Y2022,44876,Amhara,JABIE,Jiga,JIGA_HC,18,Male,C,V,I,E,T,CVIET
AMJI031288,Y2022,14/11/2022,Amhara,JABIE,Jiga,JIGA_HC,18,Female,C,V,I,E,T,CVIET
AMJI031291,Y2022,15/11/2022,Amhara,JABIE,Jiga,JIGA_HC,16,Male,C,V,I,E,T,CVIET
AMJI031323,Y2022,44785,Amhara,JABIE,Jiga,JIGA_HC,15,Male,C,V,I,E,T,CVIET
AMJI031229,Y2022,21/10/2022,Amhara,JABIE,Jiga,JIGA_HC,14,Male,C,V,I,E,T,CVIET
AMJI031232,Y2022,24/10/2022,Amhara,JABIE,Jiga,JIGA_HC,14,Female,C,V,I,E,T,CVIET
AMJI031246,Y2022,44593,Amhara,JABIE,Jiga,JIGA_HC,14,Female,C,V,I,E,T,CVIET
AMJI031254,Y2022,44662,Amhara,JABIE,Jiga,JIGA_HC,14,Male,C,V,I,E,T,CVIET
AMJI031270,Y2022,44845,Amhara,JABIE,Jiga,JIGA_HC,14,Female,C,V,I,E,T,CVIET
AMJI031272,Y2022,44845,Amhara,JABIE,Jiga,JIGA_HC,14,Female,C,V,I,E,T,CVIET
AMJI031300,Y2022,17/11/2022,Amhara,JABIE,Jiga,JIGA_HC,14,Male,C,V,I,E,T,CVIET
AMJI031242,Y2022,44562,Amhara,JABIE,Jiga,JIGA_HC,13,Male,C,V,I,E,T,CVIET
AMJI031240,Y2022,44562,Amhara,JABIE,Jiga,JIGA_HC,12,Female,C,V,I,E,T,CVIET
AMJI031275,Y2022,44845,Amhara,JABIE,Jiga,JIGA_HC,12,Female,C,V,I,E,T,CVIET
AMJI031217,Y2022,18/10/2022,Amhara,JABIE,Jiga,JIGA_HC,11,Male,C,V,I,E,T,CVIET
AMJI031250,Y2022,44621,Amhara,JABIE,Jiga,JIGA_HC,10,Male,C,V,I,E,T,CVIET
AMJI031253,Y2022,44662,Amhara,JABIE,Jiga,JIGA_HC,10,Male,C,V,I,E,T,CVIET
AMJI031258,Y2022,44753,Amhara,JABIE,Jiga,JIGA_HC,10,Male,C,V,I,E,T,CVIET
AMJI031278,Y2022,44876,Amhara,JABIE,Jiga,JIGA_HC,10,Male,C,V,I,E,T,CVIET
AMJI031280,Y2022,44876,Amhara,JABIE,Jiga,JIGA_HC,10,Male,C,V,I,E,T,CVIET
AMJI031206,Y2022,17/10/2022,Amhara,JABIE,Jiga,JIGA_HC,9,Male,C,V,I,E,T,CVIET
AMJI031237,Y2022,28/10/2022,Amhara,JABIE,Jiga,JIGA_HC,9,Female,C,V,I,E,T,CVIET
AMJI031245,Y2022,44562,Amhara,JABIE,Jiga,JIGA_HC,9,Female,C,V,I,E,T,CVIET
AMJI031247,Y2022,44593,Amhara,JABIE,Jiga,JIGA_HC,9,Female,C,V,I,E,T,CVIET
AMJI031276,Y2022,44845,Amhara,JABIE,Jiga,JIGA_HC,9,Female,C,V,I,E,T,CVIET
AMJI031284,Y2022,14/11/2022,Amhara,JABIE,Jiga,JIGA_HC,9,Female,C,V,I,E,T,CVIET
AMJI031216,Y2022,18/10/2022,Amhara,JABIE,Jiga,JIGA_HC,8,Female,C,V,I,E,T,CVIET
AMJI031222,Y2022,19/10/2022,Amhara,JABIE,Jiga,JIGA_HC,8,Male,C,V,I,E,T,CVIET
AMJI031225,Y2022,20/10/2022,Amhara,JABIE,Jiga,JIGA_HC,8,Male,C,V,I,E,T,CVIET
AMJI031231,Y2022,24/10/2022,Amhara,JABIE,Jiga,JIGA_HC,8,Male,C,V,I,E,T,CVIET
AMJI031252,Y2022,44662,Amhara,JABIE,Jiga,JIGA_HC,8,Female,C,V,I,E,T,CVIET
AMJI031266,Y2022,44815,Amhara,JABIE,Jiga,JIGA_HC,8,Male,C,V,I,E,T,CVIET
AMJI031297,Y2022,16/11/2022,Amhara,JABIE,Jiga,JIGA_HC,8,Male,C,V,I,E,T,CVIET
AMJI031214,Y2022,18/10/2022,Amhara,JABIE,Jiga,JIGA_HC,7,Male,C,V,I,E,T,CVIET
AMJI031310,Y2022,19/11/2022,Amhara,JABIE,Jiga,JIGA_HC,6,Female,C,V,I,E,T,CVIET
AMJI031212,Y2022,17/10/2022,Amhara,JABIE,Jiga,JIGA_HC,6,Male,C,V,I,E,T,CVIET
AMJI031264,Y2022,44784,Amhara,JABIE,Jiga,JIGA_HC,6,Female,C,V,I,E,T,CVIET
AMJI031274,Y2022,44845,Amhara,JABIE,Jiga,JIGA_HC,6,Female,C,V,I,E,T,CVIET
AMJI031279,Y2022,44876,Amhara,JABIE,Jiga,JIGA_HC,6,Female,C,V,I,E,T,CVIET
AMJI031292,Y2022,15/11/2022,Amhara,JABIE,Jiga,JIGA_HC,38,Female,C,V,I,E,T,CVIET
AMJI031314,Y2022,21/11/2022,Amhara,JABIE,Jiga,JIGA_HC,16,Male,C,V,I,E,T,CVIET
AMJI031257,Y2022,44753,Amhara,JABIE,Jiga,JIGA_HC,10,Female,C,V,I,E,T,CVIET
AMJI031316,Y2022,24/11/2022,Amhara,JABIE,Jiga,JIGA_HC,7,Female,C,V,I,E,T,CVIET
ET_LT_602,Y2019,43466,SNNP,Arba_minchZuria,Lante,Lante_HC,65,Female,C,V,I,E,T,CVIET
ET_LT_984,Y2019,43466,SNNP,Arba_minchZuria,Lante,Lante_HC,49,Female,C,V,I,E,T,CVIET
ET_LT_707,Y2019,43466,SNNP,Arba_minchZuria,Lante,Lante_HC,40,Male,C,V,I,E,T,CVIET
ET_LT_827,Y2019,43466,SNNP,Arba_minchZuria,Lante,Lante_HC,40,Male,C,V,I,E,T,CVIET
ET_LT_594,Y2019,43466,SNNP,Arba_minchZuria,Lante,Lante_HC,29,Male,C,V,I,E,T,CVIET
ET_LT_876,Y2019,43466,SNNP,Arba_minchZuria,Lante,Lante_HC,29,Male,C,V,I,E,T,CVIET
ET_LT_991,Y2019,43466,SNNP,Arba_minchZuria,Lante,Lante_HC,28,Female,C,V,I,E,T,CVIET
ET_LT_989,Y2019,43466,SNNP,Arba_minchZuria,Lante,Lante_HC,21,Male,C,V,I,E,T,CVIET
ET_LT_587,Y2019,43466,SNNP,Arba_minchZuria,Lante,Lante_HC,21,Male,C,V,I,E,T,CVIET
ET_LT_762,Y2019,43466,SNNP,Arba_minchZuria,Lante,Lante_HC,20,Female,C,V,I,E,T,CVIET
ET_LT_806,Y2019,43466,SNNP,Arba_minchZuria,Lante,Lante_HC,20,Male,C,V,I,E,T,CVIET
ET_LT_582,Y2019,43466,SNNP,Arba_minchZuria,Lante,Lante_HC,18,Female,C,V,I,E,T,CVIET
ET_LT_583,Y2019,43466,SNNP,Arba_minchZuria,Lante,Lante_HC,18,Female,C,V,I,E,T,CVIET
ET_LT_633,Y2019,43466,SNNP,Arba_minchZuria,Lante,Lante_HC,18,Female,C,V,I,E,T,CVIET
ET_LT_800,Y2019,43466,SNNP,Arba_minchZuria,Lante,Lante_HC,18,Male,C,V,I,E,T,CVIET
ET_LT_854,Y2019,43466,SNNP,Arba_minchZuria,Lante,Lante_HC,18,Male,C,V,I,E,T,CVIET
ET_LT_589,Y2019,43466,SNNP,Arba_minchZuria,Lante,Lante_HC,7,Male,C,V,I,E,T,CVIET
ET_LT_533,Y2019,43466,SNNP,Arba_minchZuria,Lante,Lante_HC,6,Male,C,V,I,E,T,CVIET
ET_LT_1005,Y2019,43466,SNNP,Arba_minchZuria,Lante,Lante_HC,45,Female,C,V,I,E,T,CVIET
ET_LT_994,Y2019,43466,SNNP,Arba_minchZuria,Lante,Lante_HC,40,Female,C,V,I,E,T,CVIET
ET_LT_1004,Y2019,43466,SNNP,Arba_minchZuria,Lante,Lante_HC,40,Female,C,V,I,E,T,CVIET
ET_LT_569,Y2019,43466,SNNP,Arba_minchZuria,Lante,Lante_HC,40,Male,C,V,I,E,T,CVIET
ET_LT_1006,Y2019,43466,SNNP,Arba_minchZuria,Lante,Lante_HC,39,Female,C,V,I,E,T,CVIET
ET_LT_985,Y2019,43466,SNNP,Arba_minchZuria,Lante,Lante_HC,38,Male,C,V,I,E,T,CVIET
ET_LT_734,Y2019,43466,SNNP,Arba_minchZuria,Lante,Lante_HC,35,Female,C,V,I,E,T,CVIET
ET_LT_921,Y2019,43466,SNNP,Arba_minchZuria,Lante,Lante_HC,35,Male,C,V,I,E,T,CVIET
ET_LT_706,Y2019,43466,SNNP,Arba_minchZuria,Lante,Lante_HC,34,Female,C,V,I,E,T,CVIET
ET_LT_745,Y2019,43466,SNNP,Arba_minchZuria,Lante,Lante_HC,31,Male,C,V,I,E,T,CVIET
ET_LT_719,Y2019,43466,SNNP,Arba_minchZuria,Lante,Lante_HC,30,Male,C,V,I,E,T,CVIET
ET_LT_731,Y2019,43466,SNNP,Arba_minchZuria,Lante,Lante_HC,30,Male,C,V,I,E,T,CVIET
ET_LT_749,Y2019,43466,SNNP,Arba_minchZuria,Lante,Lante_HC,30,Male,C,V,I,E,T,CVIET
ET_LT_831,Y2019,43466,SNNP,Arba_minchZuria,Lante,Lante_HC,30,Male,C,V,I,E,T,CVIET
ET_LT_999,Y2019,43466,SNNP,Arba_minchZuria,Lante,Lante_HC,29,Male,C,V,I,E,T,CVIET
ET_LT_765,Y2019,43466,SNNP,Arba_minchZuria,Lante,Lante_HC,25,Male,C,V,I,E,T,CVIET
ET_LT_913,Y2019,43466,SNNP,Arba_minchZuria,Lante,Lante_HC,25,Male,C,V,I,E,T,CVIET
ET_LT_928,Y2019,43466,SNNP,Arba_minchZuria,Lante,Lante_HC,25,Male,C,V,I,E,T,CVIET
ET_LT_911,Y2019,43466,SNNP,Arba_minchZuria,Lante,Lante_HC,23,Male,C,V,I,E,T,CVIET
ET_LT_947,Y2019,43466,SNNP,Arba_minchZuria,Lante,Lante_HC,23,Male,C,V,I,E,T,CVIET
ET_LT_1001,Y2019,43466,SNNP,Arba_minchZuria,Lante,Lante_HC,22,Male,C,V,I,E,T,CVIET
ET_LT_964,Y2019,43466,SNNP,Arba_minchZuria,Lante,Lante_HC,21,Male,C,V,I,E,T,CVIET
ET_LT_700,Y2019,43466,SNNP,Arba_minchZuria,Lante,Lante_HC,21,Male,C,V,I,E,T,CVIET
ET_LT_810,Y2019,43466,SNNP,Arba_minchZuria,Lante,Lante_HC,21,Male,C,V,I,E,T,CVIET
ET_LT_980,Y2019,43466,SNNP,Arba_minchZuria,Lante,Lante_HC,20,Male,C,V,I,E,T,CVIET
ET_LT_708,Y2019,43466,SNNP,Arba_minchZuria,Lante,Lante_HC,20,Male,C,V,I,E,T,CVIET
ET_LT_738,Y2019,43466,SNNP,Arba_minchZuria,Lante,Lante_HC,20,Female,C,V,I,E,T,CVIET
ET_LT_1002,Y2019,43466,SNNP,Arba_minchZuria,Lante,Lante_HC,18,Male,C,V,I,E,T,CVIET
ET_LT_665,Y2019,43466,SNNP,Arba_minchZuria,Lante,Lante_HC,18,Female,C,V,I,E,T,CVIET
ET_LT_828,Y2019,43466,SNNP,Arba_minchZuria,Lante,Lante_HC,18,Male,C,V,I,E,T,CVIET
ET_LT_714,Y2019,43466,SNNP,Arba_minchZuria,Lante,Lante_HC,17,Male,C,V,I,E,T,CVIET
ET_LT_781,Y2019,43466,SNNP,Arba_minchZuria,Lante,Lante_HC,17,Male,C,V,I,E,T,CVIET
ET_LT_758,Y2019,43466,SNNP,Arba_minchZuria,Lante,Lante_HC,15,Male,C,V,I,E,T,CVIET
ET_LT_799,Y2019,43466,SNNP,Arba_minchZuria,Lante,Lante_HC,11,Male,C,V,I,E,T,CVIET
ET_LT_936,Y2019,43466,SNNP,Arba_minchZuria,Lante,Lante_HC,6,Female,C,V,I,E,T,CVIET
ET_LT_957,Y2019,43466,SNNP,Arba_minchZuria,Lante,Lante_HC,55,Male,C,V,I,E,T,CVIET
ET_LT_896,Y2019,43466,SNNP,Arba_minchZuria,Lante,Lante_HC,40,Female,C,V,I,E,T,CVIET
ET_LT_772,Y2019,43466,SNNP,Arba_minchZuria,Lante,Lante_HC,31,Male,C,V,I,E,T,CVIET
ET_LT_562,Y2019,43466,SNNP,Arba_minchZuria,Lante,Lante_HC,30,Male,C,V,I,E,T,CVIET
ET_LT_902,Y2019,43466,SNNP,Arba_minchZuria,Lante,Lante_HC,29,Female,C,V,I,E,T,CVIET
ET_LT_667,Y2019,43466,SNNP,Arba_minchZuria,Lante,Lante_HC,25,Male,C,V,I,E,T,CVIET
ET_LT_624,Y2019,43466,SNNP,Arba_minchZuria,Lante,Lante_HC,20,Male,C,V,I,E,T,CVIET
ET_LT_705,Y2019,43466,SNNP,Arba_minchZuria,Lante,Lante_HC,65,Female,C,V,I,E,T,CVIET
ET_LT_974,Y2019,43466,SNNP,Arba_minchZuria,Lante,Lante_HC,50,Female,C,V,I,E,T,CVIET
ET_LT_709,Y2019,43466,SNNP,Arba_minchZuria,Lante,Lante_HC,50,Male,C,V,I,E,T,CVIET
ET_LT_965,Y2019,43466,SNNP,Arba_minchZuria,Lante,Lante_HC,40,Male,C,V,I,E,T,CVIET
ET_LT_886,Y2019,43466,SNNP,Arba_minchZuria,Lante,Lante_HC,39,Male,C,V,I,E,T,CVIET
ET_LT_732,Y2019,43466,SNNP,Arba_minchZuria,Lante,Lante_HC,35,Male,C,V,I,E,T,CVIET
ET_LT_983,Y2019,43466,SNNP,Arba_minchZuria,Lante,Lante_HC,30,Male,C,V,I,E,T,CVIET
ET_LT_702,Y2019,43466,SNNP,Arba_minchZuria,Lante,Lante_HC,28,Male,C,V,I,E,T,CVIET
ET_LT_986,Y2019,43466,SNNP,Arba_minchZuria,Lante,Lante_HC,19,Female,C,V,I,E,T,CVIET
ET_LT_935,Y2019,43466,SNNP,Arba_minchZuria,Lante,Lante_HC,17,Male,C,V,I,E,T,CVIET
ET_LT_909,Y2019,43466,SNNP,Arba_minchZuria,Lante,Lante_HC,15,Female,C,V,I,E,T,CVIET
ET_LT_712,Y2019,43466,SNNP,Arba_minchZuria,Lante,Lante_HC,16,Female,C,V,I,E,T,CVIET
ET_LT_771,Y2019,43466,SNNP,Arba_minchZuria,Lante,Lante_HC,27,Female,C,V,I,E,T,CVIET
ET_LT_590,Y2019,43466,SNNP,Arba_minchZuria,Lante,Lante_HC,25,Male,C,V,I,E,T,CVIET
ET_LT_773,Y2019,43466,SNNP,Arba_minchZuria,Lante,Lante_HC,22,Female,C,V,I,E,T,CVIET
ET_MT_421,Y2019,43466,Oromia,FENTALE,Metehara,Metehara_HC,33,Male,C,V,I,E,T,CVIET
ET_MT_467,Y2019,43466,Oromia,FENTALE,Metehara,Metehara_HC,28,Male,C,V,I,E,T,CVIET
ET_MT_390,Y2019,43466,Oromia,FENTALE,Metehara,Metehara_HC,27,Male,C,V,I,E,T,CVIET
ET_MT_475,Y2019,43466,Oromia,FENTALE,Metehara,Metehara_HC,21,Male,C,V,I,E,T,CVIET
ET_MT_422,Y2019,43466,Oromia,FENTALE,Metehara,Metehara_HC,18,Male,C,V,I,E,T,CVIET
ET_MT_408,Y2019,43466,Oromia,FENTALE,Metehara,Metehara_HC,15,Male,C,V,I,E,T,CVIET
ET_MT_331,Y2019,43466,Oromia,FENTALE,Metehara,Metehara_HC,13,Male,C,V,I,E,T,CVIET
ET_MT_350,Y2019,43466,Oromia,FENTALE,Metehara,Metehara_HC,41,Female,C,V,I,E,T,CVIET
ET_MT_543,Y2019,43466,Oromia,FENTALE,Metehara,Metehara_HC,35,Male,C,V,I,E,T,CVIET
ET_MT_428,Y2019,43466,Oromia,FENTALE,Metehara,Metehara_HC,28,Male,C,V,I,E,T,CVIET
ET_MT_251,Y2019,43466,Oromia,FENTALE,Metehara,Metehara_HC,24,Male,C,V,I,E,T,CVIET
ET_MT_479,Y2019,43466,Oromia,FENTALE,Metehara,Metehara_HC,22,Female,C,V,I,E,T,CVIET
ET_MT_346,Y2019,43466,Oromia,FENTALE,Metehara,Metehara_HC,21,Male,C,V,I,E,T,CVIET
ET_MT_570,Y2019,43466,Oromia,FENTALE,Metehara,Metehara_HC,20,Male,C,V,I,E,T,CVIET
ET_MT_399,Y2019,43466,Oromia,FENTALE,Metehara,Metehara_HC,20,Male,C,V,I,E,T,CVIET
ET_MT_419,Y2019,43466,Oromia,FENTALE,Metehara,Metehara_HC,20,Male,C,V,I,E,T,CVIET
ET_MT_469,Y2019,43466,Oromia,FENTALE,Metehara,Metehara_HC,20,Female,C,V,I,E,T,CVIET
ET_MT_476,Y2019,43466,Oromia,FENTALE,Metehara,Metehara_HC,20,Male,C,V,I,E,T,CVIET
ET_MT_427,Y2019,43466,Oromia,FENTALE,Metehara,Metehara_HC,18,Male,C,V,I,E,T,CVIET
ET_MT_429,Y2019,43466,Oromia,FENTALE,Metehara,Metehara_HC,18,Male,C,V,I,E,T,CVIET
ET_MT_470,Y2019,43466,Oromia,FENTALE,Metehara,Metehara_HC,18,Male,C,V,I,E,T,CVIET
ET_MT_471,Y2019,43466,Oromia,FENTALE,Metehara,Metehara_HC,18,Male,C,V,I,E,T,CVIET
ET_MT_423,Y2019,43466,Oromia,FENTALE,Metehara,Metehara_HC,14,Female,C,V,I,E,T,CVIET
ET_MT_500,Y2019,43466,Oromia,FENTALE,Metehara,Metehara_HC,12,Female,C,V,I,E,T,CVIET
ET_MT_387,Y2019,43466,Oromia,FENTALE,Metehara,Metehara_HC,10,Male,C,V,I,E,T,CVIET
ET_MT_477,Y2019,43466,Oromia,FENTALE,Metehara,Metehara_HC,9,Male,C,V,I,E,T,CVIET
ET_MT_480,Y2019,43466,Oromia,FENTALE,Metehara,Metehara_HC,9,Male,C,V,I,E,T,CVIET
ET_MT_199,Y2019,43466,Oromia,FENTALE,Metehara,Metehara_HC,8,Male,C,V,I,E,T,CVIET
ET_MT_523,Y2019,43466,Oromia,FENTALE,Metehara,Metehara_HC,38,Female,C,V,I,E,T,CVIET
ET_MT_526,Y2019,43466,Oromia,FENTALE,Metehara,Metehara_HC,32,Male,C,V,I,E,T,CVIET
ET_MT_528,Y2019,43466,Oromia,FENTALE,Metehara,Metehara_HC,25,Male,C,V,I,E,T,CVIET
ET_MT_575,Y2019,43466,Oromia,FENTALE,Metehara,Metehara_HC,21,Female,C,V,I,E,T,CVIET
ET_MT_520,Y2019,43466,Oromia,FENTALE,Metehara,Metehara_HC,19,Male,C,V,I,E,T,CVIET
ET_MT_538,Y2019,43466,Oromia,FENTALE,Metehara,Metehara_HC,35,Male,C,V,I,E,T,CVIET
ET_MT_535,Y2019,43466,Oromia,FENTALE,Metehara,Metehara_HC,28,Female,C,V,I,E,T,CVIET
ET_MT_546,Y2019,43466,Oromia,FENTALE,Metehara,Metehara_HC,26,Male,C,V,I,E,T,CVIET
ET_MT_518,Y2019,43466,Oromia,FENTALE,Metehara,Metehara_HC,25,Female,C,V,I,E,T,CVIET
ET_MT_522,Y2019,43466,Oromia,FENTALE,Metehara,Metehara_HC,25,Male,C,V,I,E,T,CVIET
ET_MT_534,Y2019,43466,Oromia,FENTALE,Metehara,Metehara_HC,25,Male,C,V,I,E,T,CVIET
ET_MT_558,Y2019,43466,Oromia,FENTALE,Metehara,Metehara_HC,21,Female,C,V,I,E,T,CVIET
ET_MT_540,Y2019,43466,Oromia,FENTALE,Metehara,Metehara_HC,20,Female,C,V,I,E,T,CVIET
ET_MT_542,Y2019,43466,Oromia,FENTALE,Metehara,Metehara_HC,20,Male,C,V,I,E,T,CVIET
ET_MT_548,Y2019,43466,Oromia,FENTALE,Metehara,Metehara_HC,20,Female,C,V,I,E,T,CVIET
ET_MT_553,Y2019,43466,Oromia,FENTALE,Metehara,Metehara_HC,20,Male,C,V,I,E,T,CVIET
ET_MT_559,Y2019,43466,Oromia,FENTALE,Metehara,Metehara_HC,20,Female,C,V,I,E,T,CVIET
ET_MT_516,Y2019,43466,Oromia,FENTALE,Metehara,Metehara_HC,19,Male,C,V,I,E,T,CVIET
ET_MT_551,Y2019,43466,Oromia,FENTALE,Metehara,Metehara_HC,19,Female,C,V,I,E,T,CVIET
ET_MT_550,Y2019,43466,Oromia,FENTALE,Metehara,Metehara_HC,18,Male,C,V,I,E,T,CVIET
ET_MT_549,Y2019,43466,Oromia,FENTALE,Metehara,Metehara_HC,15,Male,C,V,I,E,T,CVIET
ET_MT_565,Y2019,43466,Oromia,FENTALE,Metehara,Metehara_HC,14,Female,C,V,I,E,T,CVIET
ET_MT_539,Y2019,43466,Oromia,FENTALE,Metehara,Metehara_HC,13,Female,C,V,I,E,T,CVIET
ET_MT_547,Y2019,43466,Oromia,FENTALE,Metehara,Metehara_HC,13,Male,C,V,I,E,T,CVIET
ET_MT_560,Y2019,43466,Oromia,FENTALE,Metehara,Metehara_HC,8,Female,C,V,I,E,T,CVIET
ET_MT_569,Y2019,43466,Oromia,FENTALE,Metehara,Metehara_HC,20,Male,C,V,I,E,T,CVIET
ORME040650,Y2022,44814,Oromia,FENTALE,Metehara,METHARA SF HOSPITAL,23,Female,C,V,I,E,T,CVIET
ORME040685,Y2022,44875,Oromia,FENTALE,Metehara,METHARA SF HOSPITAL,35,Female,C,V,I,E,T,CVIET
ORME040608,Y2022,44630,Oromia,FENTALE,Metehara,METHARA SF HOSPITAL,19,Male,C,V,I,E,T,CVIET
ORME040699,Y2022,44905,Oromia,FENTALE,Metehara,METHARA SF HOSPITAL,30,Male,C,V,I,E,T,CVIET
ORME040662,Y2022,44844,Oromia,FENTALE,Metehara,METHARA SF HOSPITAL,27,Male,C,V,I,E,T,CVIET
ORME040687,Y2022,44875,Oromia,FENTALE,Metehara,METHARA SF HOSPITAL,20,Male,C,V,I,E,T,CVIET
ORME040697,Y2022,44905,Oromia,FENTALE,Metehara,METHARA SF HOSPITAL,30,Male,C,V,I,E,T,CVIET
ORME040610,Y2022,44661,Oromia,FENTALE,Metehara,METHARA SF HOSPITAL,40,Male,C,V,I,E,T,CVIET
ORME040627,Y2022,44722,Oromia,FENTALE,Metehara,METHARA SF HOSPITAL,39,Female,C,V,I,E,T,CVIET
ORME040607,Y2022,44630,Oromia,FENTALE,Metehara,METHARA SF HOSPITAL,14,Female,C,V,I,E,T,CVIET
ORME040686,Y2022,44875,Oromia,FENTALE,Metehara,METHARA SF HOSPITAL,32,Female,C,V,I,E,T,CVIET
ORME040630,Y2022,44722,Oromia,FENTALE,Metehara,METHARA SF HOSPITAL,10,Male,C,V,I,E,T,CVIET
ORME040661,Y2022,44845,Oromia,FENTALE,Metehara,METHARA SF HOSPITAL,30,Male,C,V,I,E,T,CVIET
ORME040628,Y2022,44722,Oromia,FENTALE,Metehara,METHARA SF HOSPITAL,40,Male,C,V,I,E,T,CVIET
ORME040638,Y2022,44783,Oromia,FENTALE,Metehara,METHARA SF HOSPITAL,25,Male,C,V,I,E,T,CVIET
ORME040620,Y2022,44691,Oromia,FENTALE,Metehara,METHARA SF HOSPITAL,15,Male,C,V,I,E,T,CVIET
ORME040616,Y2022,44691,Oromia,FENTALE,Metehara,METHARA SF HOSPITAL,18,Female,C,V,I,E,T,CVIET
ORME040615,Y2022,44661,Oromia,FENTALE,Metehara,METHARA SF HOSPITAL,12,Male,C,V,I,E,T,CVIET
ORME040621,Y2022,44691,Oromia,FENTALE,Metehara,METHARA SF HOSPITAL,4,Male,C,V,I,E,T,CVIET
ORME040651,Y2022,44814,Oromia,FENTALE,Metehara,METHARA SF HOSPITAL,31,Male,C,V,I,E,T,CVIET
ORME040673,Y2022,44844,Oromia,FENTALE,Metehara,METHARA SF HOSPITAL,13,Female,C,V,I,E,T,CVIET
ORME040655,Y2022,44814,Oromia,FENTALE,Metehara,METHARA SF HOSPITAL,50,Male,C,V,I,E,T,CVIET
ORME040658,Y2022,44814,Oromia,FENTALE,Metehara,METHARA SF HOSPITAL,15,Female,C,V,I,E,T,CVIET
ORME040640,Y2022,44783,Oromia,FENTALE,Metehara,METHARA SF HOSPITAL,50,Male,C,V,I,E,T,CVIET
ORME040611,Y2022,44661,Oromia,FENTALE,Metehara,METHARA SF HOSPITAL,25,Male,C,V,I,E,T,CVIET
ORME040652,Y2022,44814,Oromia,FENTALE,Metehara,METHARA SF HOSPITAL,24,Female,C,V,I,E,T,CVIET
ORME040605,Y2022,44630,Oromia,FENTALE,Metehara,METHARA SF HOSPITAL,38,Female,C,V,I,E,T,CVIET
ORME040681,Y2022,44875,Oromia,FENTALE,Metehara,METHARA SF HOSPITAL,40,Male,C,V,I,E,T,CVIET
ORME040675,Y2022,44844,Oromia,FENTALE,Metehara,METHARA SF HOSPITAL,25,Male,C,V,I,E,T,CVIET
ORME040672,Y2022,44844,Oromia,FENTALE,Metehara,METHARA SF HOSPITAL,35,Female,C,V,I,E,T,CVIET
ORME040700,Y2022,44905,Oromia,FENTALE,Metehara,METHARA SF HOSPITAL,32,Male,C,V,I,E,T,CVIET
ORME040609,Y2022,44661,Oromia,FENTALE,Metehara,METHARA SF HOSPITAL,16,Female,C,V,I,E,T,CVIET
ORME040694,Y2022,44905,Oromia,FENTALE,Metehara,METHARA SF HOSPITAL,35,Female,C,V,I,E,T,CVIET
ORME040649,Y2022,44814,Oromia,FENTALE,Metehara,METHARA SF HOSPITAL,53,Male,C,V,I,E,T,CVIET
ORME040690,Y2022,44905,Oromia,FENTALE,Metehara,METHARA SF HOSPITAL,50,Male,C,V,I,E,T,CVIET
ORME040669,Y2022,44844,Oromia,FENTALE,Metehara,METHARA SF HOSPITAL,16,Female,C,V,I,E,T,CVIET
ORME040643,Y2022,44783,Oromia,FENTALE,Metehara,METHARA SF HOSPITAL,40,Female,C,V,I,E,T,CVIET
ORME040653,Y2022,44814,Oromia,FENTALE,Metehara,METHARA SF HOSPITAL,55,Male,C,V,I,E,T,CVIET
ORME040695,Y2022,44905,Oromia,FENTALE,Metehara,METHARA SF HOSPITAL,12,Male,C,V,I,E,T,CVIET
ORME040684,Y2022,44875,Oromia,FENTALE,Metehara,METHARA SF HOSPITAL,22,Male,C,V,I,E,T,CVIET
ORME040602,Y2022,44571,Oromia,FENTALE,Metehara,METHARA SF HOSPITAL,18,Male,C,V,I,E,T,CVIET
ORME040666,Y2022,44844,Oromia,FENTALE,Metehara,METHARA SF HOSPITAL,42,Male,C,V,I,E,T,CVIET
ORME040693,Y2022,44905,Oromia,FENTALE,Metehara,METHARA SF HOSPITAL,19,Male,C,V,I,E,T,CVIET
ORME040688,Y2022,44905,Oromia,FENTALE,Metehara,METHARA SF HOSPITAL,30,Female,C,V,I,E,T,CVIET
ORME040603,Y2022,44602,Oromia,FENTALE,Metehara,METHARA SF HOSPITAL,23,Female,C,V,I,E,T,CVIET
ORME040667,Y2022,44844,Oromia,FENTALE,Metehara,METHARA SF HOSPITAL,50,Female,C,V,I,E,T,CVIET
ORME040648,Y2022,44783,Oromia,FENTALE,Metehara,METHARA SF HOSPITAL,20,Male,C,V,I,E,T,CVIET
ORME040668,Y2022,44844,Oromia,FENTALE,Metehara,METHARA SF HOSPITAL,20,Female,C,V,I,E,T,CVIET
ORME040633,Y2022,44752,Oromia,FENTALE,Metehara,METHARA SF HOSPITAL,40,Male,C,V,I,E,T,CVIET
ORME040625,Y2022,44691,Oromia,FENTALE,Metehara,METHARA SF HOSPITAL,27,Male,C,V,I,E,T,CVIET
ORME040637,Y2022,44752,Oromia,FENTALE,Metehara,METHARA SF HOSPITAL,40,Male,C,V,I,E,T,CVIET
ORME040671,Y2022,44844,Oromia,FENTALE,Metehara,METHARA SF HOSPITAL,55,Male,C,V,I,E,T,CVIET
ORME040660,Y2022,44844,Oromia,FENTALE,Metehara,METHARA SF HOSPITAL,40,Male,C,V,I,E,T,CVIET
ORME040657,Y2022,44814,Oromia,FENTALE,Metehara,METHARA SF HOSPITAL,10,Male,C,V,I,E,T,CVIET
ORME040683,Y2022,44875,Oromia,FENTALE,Metehara,METHARA SF HOSPITAL,10,Male,C,V,I,E,T,CVIET
ORME040634,Y2022,44752,Oromia,FENTALE,Metehara,METHARA SF HOSPITAL,17,Male,C,V,I,E,T,CVIET
ORME040663,Y2022,44844,Oromia,FENTALE,Metehara,METHARA SF HOSPITAL,45,Female,C,V,I,E,T,CVIET
ORME040612,Y2022,44661,Oromia,FENTALE,Metehara,METHARA SF HOSPITAL,35,Female,C,V,I,E,T,CVIET
ORME040647,Y2022,44783,Oromia,FENTALE,Metehara,METHARA SF HOSPITAL,25,Male,C,V,I,E,T,CVIET
ORME040646,Y2022,44783,Oromia,FENTALE,Metehara,METHARA SF HOSPITAL,35,Male,C,V,I,E,T,CVIET
ORME040641,Y2022,44783,Oromia,FENTALE,Metehara,METHARA SF HOSPITAL,13,Male,C,V,I,E,T,CVIET
ORME040674,Y2022,44844,Oromia,FENTALE,Metehara,METHARA SF HOSPITAL,45,Male,C,V,I,E,T,CVIET
ORME040691,Y2022,44905,Oromia,FENTALE,Metehara,METHARA SF HOSPITAL,40,Female,C,V,I,E,T,CVIET
ORME040624,Y2022,44691,Oromia,FENTALE,Metehara,METHARA SF HOSPITAL,17,Female,C,V,I,E,T,CVIET
ORME040623,Y2022,44691,Oromia,FENTALE,Metehara,METHARA SF HOSPITAL,30,Female,C,V,I,E,T,CVIET
SNSE072101,Y2022,44722,SNNP,A/MINCH,Secha,SECHA_HC,50,Male,C,V,I,E,T,CVIET
SNSE072148,Y2022,14/12/2022,SNNP,A/MINCH,Secha,SECHA_HC,35,Male,C,V,I,E,T,CVIET
SNSE072103,Y2022,44783,SNNP,A/MINCH,Secha,SECHA_HC,21,Female,C,V,I,E,T,CVIET
SNSE072139,Y2022,,SNNP,A/MINCH,Secha,SECHA_HC,20,Female,C,V,I,E,T,CVIET
SNSE072104,Y2022,44844,SNNP,A/MINCH,Secha,SECHA_HC,15,Male,C,V,I,E,T,CVIET
SNSE072125,Y2022,,SNNP,A/MINCH,Secha,SECHA_HC,14,Male,C,V,I,E,T,CVIET
SNSE072147,Y2022,14/12/2022,SNNP,A/MINCH,Secha,SECHA_HC,54,Male,C,V,I,E,T,CVIET
SNSE072141,Y2022,44907,SNNP,A/MINCH,Secha,SECHA_HC,50,Male,C,V,I,E,T,CVIET
SNSE072146,Y2022,44907,SNNP,A/MINCH,Secha,SECHA_HC,33,Male,C,V,I,E,T,CVIET
SNSE072142,Y2022,44907,SNNP,A/MINCH,Secha,SECHA_HC,29,Male,C,V,I,E,T,CVIET
SNSE072130,Y2022,44724,SNNP,A/MINCH,Secha,SECHA_HC,27,Male,C,V,I,E,T,CVIET
SNSE072107,Y2022,14/11/2022,SNNP,BARE,Secha,SECHA_HC,26,Male,C,V,I,E,T,CVIET
SNSE072137,Y2022,44785,SNNP,A/MINCH,Secha,SECHA_HC,25,Female,C,V,I,E,T,CVIET
SNSE072136,Y2022,44785,SNNP,A/MINCH,Secha,SECHA_HC,23,Male,C,V,I,E,T,CVIET
SNSE072120,Y2022,22/11/2022,SNNP,A/MINCH,Secha,SECHA_HC,22,Male,C,V,I,E,T,CVIET
SNSE072128,Y2022,44632,SNNP,A/MINCH,Secha,SECHA_HC,22,Male,C,V,I,E,T,CVIET
SNSE072140,Y2022,44816,SNNP,A/MINCH,Secha,SECHA_HC,22,Male,C,V,I,E,T,CVIET
SNSE072114,Y2022,25/11/2022,SNNP,A/MINCH,Secha,SECHA_HC,20,Female,C,V,I,E,T,CVIET
SNSE072119,Y2022,21/11/2022,SNNP,A/MINCH,Secha,SECHA_HC,19,Male,C,V,I,E,T,CVIET
SNSE072111,Y2022,18/11/2022,SNNP,A/MINCH,Secha,SECHA_HC,17,Female,C,V,I,E,T,CVIET
SNSE072121,Y2022,27/11/2022,SNNP,GAMO,Secha,SECHA_HC,17,Male,C,V,I,E,T,CVIET
SNSE072112,Y2022,,SNNP,A/MINCH,Secha,SECHA_HC,14,Female,C,V,I,E,T,CVIET
SNSE072108,Y2022,14/10/2022,SNNP,A/MINCH,Secha,SECHA_HC,13,Female,C,V,I,E,T,CVIET
SNSE072135,Y2022,44785,SNNP,A/MINCH,Secha,SECHA_HC,12,Female,C,V,I,E,T,CVIET
SNSE072144,Y2022,44907,SNNP,A/MINCH,Secha,SECHA_HC,12,Male,C,V,I,E,T,CVIET
SNSE072143,Y2022,44907,SNNP,A/MINCH,Secha,SECHA_HC,11,Male,C,V,I,E,T,CVIET
SNSE072110,Y2022,,SNNP,A/MINCH,Secha,SECHA_HC,10,Male,C,V,I,E,T,CVIET
SNSE072113,Y2022,25/11/2022,SNNP,A/MINCH,Secha,SECHA_HC,6,Male,C,V,I,E,T,CVIET
SNSE072145,Y2022,44907,SNNP,A/MINCH,Secha,SECHA_HC,4,Male,C,V,I,E,T,CVIET
SNSE072117,Y2022,,SNNP,A/MINCH,Secha,SECHA_HC,12,Male,C,V,I,E,T,CVIET
SNSE072150,Y2022,14/12/2022,SNNP,A/MINCH,Secha,SECHA_HC,42,Male,C,V,I,E,T,CVIET
SNSE072138,Y2022,44785,SNNP,A/MINCH,Secha,SECHA_HC,22,Male,C,V,I,E,T,CVIET
SNSE072127,Y2022,44604,SNNP,A/MINCH,Secha,SECHA_HC,20,Male,C,V,I,E,T,CVIET
SNSE072129,Y2022,,SNNP,A/MINCH,Secha,SECHA_HC,14,Male,C,V,I,E,T,CVIET
SNSE072124,Y2022,,SNNP,A/MINCH,Secha,SECHA_HC,7,Male,C,V,I,E,T,CVIET
ET_SL_1478,Y2019,43466,SNNP,Arba_minchZuria,Sheele,sheele_HC,46,Male,C,V,I,E,T,CVIET
ET_SL_1493,Y2019,43466,SNNP,Arba_minchZuria,Sheele,sheele_HC,32,Male,C,V,I,E,T,CVIET
ET_SL_1119,Y2019,43466,SNNP,Arba_minchZuria,Sheele,sheele_HC,30,Male,C,V,I,E,T,CVIET
ET_SL_1458,Y2019,43466,SNNP,Arba_minchZuria,Sheele,sheele_HC,29,Male,C,V,I,E,T,CVIET
ET_SL_1463,Y2019,43466,SNNP,Arba_minchZuria,Sheele,sheele_HC,26,Female,C,V,I,E,T,CVIET
ET_SL_1459,Y2019,43466,SNNP,Arba_minchZuria,Sheele,sheele_HC,25,Female,C,V,I,E,T,CVIET
ET_SL_1467,Y2019,43466,SNNP,Arba_minchZuria,Sheele,sheele_HC,25,Male,C,V,I,E,T,CVIET
ET_SL_1200,Y2019,43466,SNNP,Arba_minchZuria,Sheele,sheele_HC,24,Male,C,V,I,E,T,CVIET
ET_SL_1257,Y2019,43466,SNNP,Arba_minchZuria,Sheele,sheele_HC,22,Male,C,V,I,E,T,CVIET
ET_SL_1322,Y2019,43466,SNNP,Arba_minchZuria,Sheele,sheele_HC,19,Female,C,V,I,E,T,CVIET
ET_SL_1503,Y2019,43466,SNNP,Arba_minchZuria,Sheele,sheele_HC,19,Female,C,V,I,E,T,CVIET
ET_SL_1233,Y2019,43466,SNNP,Arba_minchZuria,Sheele,sheele_HC,18,Female,C,V,I,E,T,CVIET
ET_SL_1457,Y2019,43466,SNNP,Arba_minchZuria,Sheele,sheele_HC,14,Male,C,V,I,E,T,CVIET
ET_SL_1496,Y2019,43466,SNNP,Arba_minchZuria,Sheele,sheele_HC,9,Female,C,V,I,E,T,CVIET
ET_SL_1411,Y2019,43466,SNNP,Arba_minchZuria,Sheele,sheele_HC,8,Male,C,V,I,E,T,CVIET
ET_SL_1406,Y2019,43466,SNNP,Arba_minchZuria,Sheele,sheele_HC,7,Male,C,V,I,E,T,CVIET
ET_SL_1461,Y2019,43466,SNNP,Arba_minchZuria,Sheele,sheele_HC,7,Male,C,V,I,E,T,CVIET
ET_SL_1484,Y2019,43466,SNNP,Arba_minchZuria,Sheele,sheele_HC,5,Male,C,V,I,E,T,CVIET
ET_SL_1497,Y2019,43466,SNNP,Arba_minchZuria,Sheele,sheele_HC,5,Male,C,V,I,E,T,CVIET
ET_SL_1482,Y2019,43466,SNNP,Arba_minchZuria,Sheele,sheele_HC,3,Male,C,V,I,E,T,CVIET
ET_SL_1166,Y2019,43466,SNNP,Arba_minchZuria,Sheele,sheele_HC,35,Female,C,V,I,E,T,CVIET
ET_SL_1491,Y2019,43466,SNNP,Arba_minchZuria,Sheele,sheele_HC,30,Male,C,V,I,E,T,CVIET
ET_SL_1159,Y2019,43466,SNNP,Arba_minchZuria,Sheele,sheele_HC,26,Male,C,V,I,E,T,CVIET
ET_SL_1485,Y2019,43466,SNNP,Arba_minchZuria,Sheele,sheele_HC,26,Female,C,V,I,E,T,CVIET
ET_SL_1279,Y2019,43466,SNNP,Arba_minchZuria,Sheele,sheele_HC,25,Female,C,V,I,E,T,CVIET
ET_SL_1138,Y2019,43466,SNNP,Arba_minchZuria,Sheele,sheele_HC,19,Male,C,V,I,E,T,CVIET
ET_SL_1483,Y2019,43466,SNNP,Arba_minchZuria,Sheele,sheele_HC,19,Female,C,V,I,E,T,CVIET
ET_SL_1211,Y2019,43466,SNNP,Arba_minchZuria,Sheele,sheele_HC,18,Female,C,V,I,E,T,CVIET
ET_SL_1217,Y2019,43466,SNNP,Arba_minchZuria,Sheele,sheele_HC,18,Female,C,V,I,E,T,CVIET
ET_SL_1507,Y2019,43466,SNNP,Arba_minchZuria,Sheele,sheele_HC,18,Female,C,V,I,E,T,CVIET
ET_SL_1460,Y2019,43466,SNNP,Arba_minchZuria,Sheele,sheele_HC,16,Male,C,V,I,E,T,CVIET
ET_SL_1471,Y2019,43466,SNNP,Arba_minchZuria,Sheele,sheele_HC,12,Female,C,V,I,E,T,CVIET
ET_SL_1324,Y2019,43466,SNNP,Arba_minchZuria,Sheele,sheele_HC,10,Female,C,V,I,E,T,CVIET
ET_SL_1227,Y2019,43466,SNNP,Arba_minchZuria,Sheele,sheele_HC,8,Female,C,V,I,E,T,CVIET
ET_SL_1466,Y2019,43466,SNNP,Arba_minchZuria,Sheele,sheele_HC,6,Male,C,V,I,E,T,CVIET
ET_SL_1150,Y2019,43466,SNNP,Arba_minchZuria,Sheele,sheele_HC,2,Male,C,V,I,E,T,CVIET
ET_SL_1185,Y2019,43466,SNNP,Arba_minchZuria,Sheele,sheele_HC,37,Male,C,V,I,E,T,CVIET
ET_SL_1475,Y2019,43466,SNNP,Arba_minchZuria,Sheele,sheele_HC,35,Male,C,V,I,E,T,CVIET
ET_SL_1477,Y2019,43466,SNNP,Arba_minchZuria,Sheele,sheele_HC,32,Female,C,V,I,E,T,CVIET
ET_SL_1464,Y2019,43466,SNNP,Arba_minchZuria,Sheele,sheele_HC,31,Male,C,V,I,E,T,CVIET
ET_SL_1469,Y2019,43466,SNNP,Arba_minchZuria,Sheele,sheele_HC,30,Female,C,V,I,E,T,CVIET
ET_SL_1502,Y2019,43466,SNNP,Arba_minchZuria,Sheele,sheele_HC,23,Female,C,V,I,E,T,CVIET
ET_SL_1470,Y2019,43466,SNNP,Arba_minchZuria,Sheele,sheele_HC,19,Male,C,V,I,E,T,CVIET
ET_SL_1479,Y2019,43466,SNNP,Arba_minchZuria,Sheele,sheele_HC,18,Female,C,V,I,E,T,CVIET
ET_SL_1489,Y2019,43466,SNNP,Arba_minchZuria,Sheele,sheele_HC,15,Male,C,V,I,E,T,CVIET
ET_SL_1504,Y2019,43466,SNNP,Arba_minchZuria,Sheele,sheele_HC,12,Female,C,V,I,E,T,CVIET
ET_SL_1495,Y2019,43466,SNNP,Arba_minchZuria,Sheele,sheele_HC,6,Female,C,V,I,E,T,CVIET
ET_SL_1476,Y2019,43466,SNNP,Arba_minchZuria,Sheele,sheele_HC,45,Male,C,V,I,E,T,CVIET
ET_SL_1148,Y2019,43466,SNNP,Arba_minchZuria,Sheele,sheele_HC,39,Male,C,V,I,E,T,CVIET
ET_SL_1109,Y2019,43466,SNNP,Arba_minchZuria,Sheele,sheele_HC,34,Female,C,V,I,E,T,CVIET
ET_SL_1351,Y2019,43466,SNNP,Arba_minchZuria,Sheele,sheele_HC,31,Male,C,V,I,E,T,CVIET
ET_SL_1462,Y2019,43466,SNNP,Arba_minchZuria,Sheele,sheele_HC,25,Female,C,V,I,E,T,CVIET
ET_SL_1473,Y2019,43466,SNNP,Arba_minchZuria,Sheele,sheele_HC,24,Male,C,V,I,E,T,CVIET
ET_SL_1474,Y2019,43466,SNNP,Arba_minchZuria,Sheele,sheele_HC,24,Male,C,V,I,E,T,CVIET
ET_SL_1510,Y2019,43466,SNNP,Arba_minchZuria,Sheele,sheele_HC,24,Male,C,V,I,E,T,CVIET
ET_SL_1409,Y2019,43466,SNNP,Arba_minchZuria,Sheele,sheele_HC,23,Female,C,V,I,E,T,CVIET
ET_SL_1506,Y2019,43466,SNNP,Arba_minchZuria,Sheele,sheele_HC,23,Male,C,V,I,E,T,CVIET
ET_SL_1034,Y2019,43466,SNNP,Arba_minchZuria,Sheele,sheele_HC,22,Male,C,V,I,E,T,CVIET
ET_SL_1500,Y2019,43466,SNNP,Arba_minchZuria,Sheele,sheele_HC,22,Female,C,V,I,E,T,CVIET
ET_SL_1030,Y2019,43466,SNNP,Arba_minchZuria,Sheele,sheele_HC,20,Female,C,V,I,E,T,CVIET
ET_SL_1488,Y2019,43466,SNNP,Arba_minchZuria,Sheele,sheele_HC,20,Female,C,V,I,E,T,CVIET
ET_SL_1494,Y2019,43466,SNNP,Arba_minchZuria,Sheele,sheele_HC,20,Male,C,V,I,E,T,CVIET
ET_SL_1499,Y2019,43466,SNNP,Arba_minchZuria,Sheele,sheele_HC,20,Female,C,V,I,E,T,CVIET
ET_SL_1508,Y2019,43466,SNNP,Arba_minchZuria,Sheele,sheele_HC,20,Female,C,V,I,E,T,CVIET
ET_SL_1319,Y2019,43466,SNNP,Arba_minchZuria,Sheele,sheele_HC,19,Male,C,V,I,E,T,CVIET
ET_SL_1480,Y2019,43466,SNNP,Arba_minchZuria,Sheele,sheele_HC,19,Male,C,V,I,E,T,CVIET
ET_SL_1512,Y2019,43466,SNNP,Arba_minchZuria,Sheele,sheele_HC,19,Male,C,V,I,E,T,CVIET
ET_SL_1468,Y2019,43466,SNNP,Arba_minchZuria,Sheele,sheele_HC,18,Male,C,V,I,E,T,CVIET
ET_SL_1472,Y2019,43466,SNNP,Arba_minchZuria,Sheele,sheele_HC,14,Male,C,V,I,E,T,CVIET
ET_SL_1501,Y2019,43466,SNNP,Arba_minchZuria,Sheele,sheele_HC,14,Male,C,V,I,E,T,CVIET
ET_SL_1492,Y2019,43466,SNNP,Arba_minchZuria,Sheele,sheele_HC,13,Female,C,V,I,E,T,CVIET
ET_SL_1509,Y2019,43466,SNNP,Arba_minchZuria,Sheele,sheele_HC,13,Female,C,V,I,E,T,CVIET
ET_SL_1481,Y2019,43466,SNNP,Arba_minchZuria,Sheele,sheele_HC,12,Female,C,V,I,E,T,CVIET
ET_SL_1401,Y2019,43466,SNNP,Arba_minchZuria,Sheele,sheele_HC,10,Male,C,V,I,E,T,CVIET
ET_SL_1511,Y2019,43466,SNNP,Arba_minchZuria,Sheele,sheele_HC,10,Female,C,V,I,E,T,CVIET
ET_SL_1487,Y2019,43466,SNNP,Arba_minchZuria,Sheele,sheele_HC,9,Male,C,V,I,E,T,CVIET
ET_SL_1498,Y2019,43466,SNNP,Arba_minchZuria,Sheele,sheele_HC,9,Female,C,V,I,E,T,CVIET
ET_SL_1505,Y2019,43466,SNNP,Arba_minchZuria,Sheele,sheele_HC,8,Female,C,V,I,E,T,CVIET
ET_SL_1262,Y2019,43466,SNNP,Arba_minchZuria,Sheele,sheele_HC,6,Female,C,V,I,E,T,CVIET
ET_SL_1456,Y2019,43466,SNNP,Arba_minchZuria,Sheele,sheele_HC,5,Male,C,V,I,E,T,CVIET
ET_SL_1224,Y2019,43466,SNNP,Arba_minchZuria,Sheele,sheele_HC,18,Female,C,V,I,E,T,CVIET
ET_SL_1118,Y2019,43466,SNNP,Arba_minchZuria,Sheele,sheele_HC,14,Male,C,V,I,E,T,CVIET
AMWO031508,Y2022,44906,Amhara,FOGERA,Woreta,WORETA_HC,78,Male,C,V,I,E,T,CVIET
AMWO031518,Y2022,16/11/2022,Amhara,FOGERA,Woreta,WORETA_HC,45,Female,C,V,I,E,T,CVIET
AMWO031534,Y2022,19/11/2022,Amhara,FOGERA,Woreta,WORETA_HC,39,Female,C,V,I,E,T,CVIET
AMWO031521,Y2022,16/11/2022,Amhara,WORETA,Woreta,WORETA_HC,34,Male,C,V,I,E,T,CVIET
AMWO031519,Y2022,16/11/2022,Amhara,WORETA,Woreta,WORETA_HC,33,Female,C,V,I,E,T,CVIET
AMWO031587,Y2022,22/12/2022,Amhara,FOGERA,Woreta,WORETA_HC,26,Female,C,V,I,E,T,CVIET
AMWO031582,Y2022,24/12/2022,Amhara,WORETA,Woreta,WORETA_HC,21,Female,C,V,I,E,T,CVIET
AMWO031589,Y2022,21/12/2022,Amhara,WORETA,Woreta,WORETA_HC,21,Male,C,V,I,E,T,CVIET
AMWO031532,Y2022,18/11/2022,Amhara,WORETA,Woreta,WORETA_HC,20,Female,C,V,I,E,T,CVIET
AMWO031628,Y2023,45170,Amhara,WORETA,Woreta,WORETA_HC,20,Male,C,V,I,E,T,CVIET
AMWO031511,Y2022,14/11/2022,Amhara,FOGERA,Woreta,WORETA_HC,18,Male,C,V,I,E,T,CVIET
AMWO031526,Y2022,16/11/2022,Amhara,FOGERA,Woreta,WORETA_HC,18,Male,C,V,I,E,T,CVIET
AMWO031527,Y2022,16/11/2022,Amhara,WORETA,Woreta,WORETA_HC,18,Male,C,V,I,E,T,CVIET
AMWO031555,Y2022,14/12/2022,Amhara,WORETA,Woreta,WORETA_HC,18,Male,C,V,I,E,T,CVIET
AMWO031586,Y2022,23/12/2022,Amhara,FOGERA,Woreta,WORETA_HC,18,Male,C,V,I,E,T,CVIET
AMWO031622,Y2023,45078,Amhara,FOGERA,Woreta,WORETA_HC,18,Male,C,V,I,E,T,CVIET
AMWO031561,Y2022,21/12/2022,Amhara,FOGERA,Woreta,WORETA_HC,18,Male,C,V,I,E,T,CVIET
AMWO031579,Y2022,14/12/2022,Amhara,WORETA,Woreta,WORETA_HC,17,Female,C,V,I,E,T,CVIET
AMWO031567,Y2022,21/12/2022,Amhara,FOGERA,Woreta,WORETA_HC,17,Male,C,V,I,E,T,CVIET
AMWO031548,Y2022,14/12/2022,Amhara,FOGERA,Woreta,WORETA_HC,16,Female,C,V,I,E,T,CVIET
AMWO031554,Y2022,14/12/2022,Amhara,FOGERA,Woreta,WORETA_HC,15,Male,C,V,I,E,T,CVIET
AMWO031564,Y2022,21/12/2022,Amhara,FOGERA,Woreta,WORETA_HC,15,Female,C,V,I,E,T,CVIET
AMWO031564,Y2022,21/12/2022,Amhara,FOGERA,Woreta,WORETA_HC,15,Female,C,V,I,E,T,CVIET
AMWO031581,Y2022,24/1/2022,Amhara,FOGERA,Woreta,WORETA_HC,13,Male,C,V,I,E,T,CVIET
AMWO031624,Y2023,45078,Amhara,FOGERA,Woreta,WORETA_HC,13,Male,C,V,I,E,T,CVIET
AMWO031539,Y2022,23/11/2022,Amhara,FOGERA,Woreta,WORETA_HC,12,Female,C,V,I,E,T,CVIET
AMWO031623,Y2023,45078,Amhara,FOGERA,Woreta,WORETA_HC,12,Female,C,V,I,E,T,CVIET
AMWO031517,Y2022,16/11/2022,Amhara,WORETA,Woreta,WORETA_HC,11,Female,C,V,I,E,T,CVIET
AMWO031509,Y2022,13/11/2022,Amhara,FOGERA,Woreta,WORETA_HC,10,Male,C,V,I,E,T,CVIET
AMWO031523,Y2022,16/11/2022,Amhara,FOGERA,Woreta,WORETA_HC,10,Male,C,V,I,E,T,CVIET
AMWO031507,Y2022,44906,Amhara,FOGERA,Woreta,WORETA_HC,9,Male,C,V,I,E,T,CVIET
AMWO031588,Y2022,22/12/2022,Amhara,FOGERA,Woreta,WORETA_HC,9,Female,C,V,I,E,T,CVIET
AMWO031510,Y2022,14/11/2022,Amhara,FOGERA,Woreta,WORETA_HC,8,Female,C,V,I,E,T,CVIET
AMWO031590,Y2023,21/12/2023,Amhara,WORETA,Woreta,WORETA_HC,7,Female,C,V,I,E,T,CVIET
AMWO031533,Y2022,19/11/2022,Amhara,FOGERA,Woreta,WORETA_HC,6,Female,C,V,I,E,T,CVIET
AMWO031627,Y2023,45170,Amhara,FOGERA,Woreta,WORETA_HC,6,Male,C,V,I,E,T,CVIET
AMWO031601,Y2022,30/12/2022,Amhara,WORETA,Woreta,WORETA_HC,4,Female,C,V,I,E,T,CVIET
AMWO031583,Y2022,24/12/2022,Amhara,WORETA,Woreta,WORETA_HC,3,Male,C,V,I,E,T,CVIET
AMWO031621,Y2023,45078,Amhara,FOGERA,Woreta,WORETA_HC,3,Female,C,V,I,E,T,CVIET
AMWO031625,Y2023,45078,Amhara,FOGERA,Woreta,WORETA_HC,3,Male,C,V,I,E,T,CVIET
AMWO031630,Y2023,45200,Amhara,WORETA,Woreta,WORETA_HC,3,Male,C,V,I,E,T,CVIET
