Sample_ID,Seq_Id,Region,IRNGE,yearofcollection,Health_facility,dhfr_Asn51Ile,dhfr_Cys59Arg,dhfr_Ser108Asn,dhps_Ala437Gly,dhps_Lys540Glu,IRNGE,dhps_Ala581Gly,IRNGEG
AMJI031238,AMJI031238-EPHI-622I-1,Amhara,0,2022,Jiga,0,0,0,1,0,NO,0,0
GAAB092493,GAAB092493-EPHI-622I-1,Gambela,0,2022,Abol,0,0,0,1,0,NO,0,0
GAAB092498,GAAB092498-EPHI-622I-1,Gambela,0,2022,Abol,0,0,0,1,0,NO,0,0
GAAB092535,GAAB092535-EPHI-622I-1,Gambela,0,2022,Abol,0,0,0,1,0,NO,0,0
GAAB092537,GAAB092537-EPHI-622I-1,Gambela,1,2022,Abol,0,0,0,1,0,NO,0,0
GAAB092543,GAAB092543-EPHI-622I-1,Gambela,1,2022,Abol,0,0,0,1,0,NO,0,0
GAAB092547,GAAB092547-EPHI-622I-1,Gambela,0,2022,Abol,0,0,0,1,0,NO,0,0
GAAB092549,GAAB092549-EPHI-622I-1,Gambela,0,2022,Abol,0,0,0,1,0,NO,0,0
GAAB092455,GAAB092455-EPHI-622I-1,Gambela,0,2022,Abol,1,0,1,1,0,NO,0,0
GAAB092459,GAAB092459-EPHI-622I-1,Gambela,0,2022,Abol,1,0,1,1,0,NO,0,0
GAAB092515,GAAB092515-EPHI-622I-1,Gambela,0,2022,Abol,1,0,1,1,0,NO,0,0
GAAB092418,GAAB092418-EPHI-622I-1,Gambela,0,2022,Abol,1,0,1,1,0,NO,0,0
AMAN030913,AMAN030913-EPHI-622I-1,Amhara,0,2022,Andansa,1,0,1,1,0,NO,0,0
AMAN030915,AMAN030915-EPHI-622I-1,Amhara,0,2022,Andansa,1,0,1,1,0,NO,0,0
AMAN030944,AMAN030944-EPHI-622I-1,Amhara,0,2022,Andansa,1,0,1,1,0,NO,0,0
AMAN030950,AMAN030950-EPHI-622I-1,Amhara,0,2022,Andansa,1,0,1,1,0,NO,0,0
AMAN030961,AMAN030961-EPHI-622I-1,Amhara,0,2022,Andansa,1,0,1,1,0,NO,0,0
AMAN030964,AMAN030964-EPHI-622I-1,Amhara,0,2022,Andansa,1,0,1,1,0,NO,0,0
AMAN030983,AMAN030983-EPHI-622I-1,Amhara,0,2022,Andansa,1,0,1,1,0,NO,0,0
AMAN030988,AMAN030988-EPHI-622I-1,Amhara,0,2022,Andansa,1,0,1,1,0,NO,0,0
AMAN030996,AMAN030996-EPHI-622I-1,Amhara,0,2022,Andansa,1,0,1,1,0,NO,0,0
AMAN031001,AMAN031001-EPHI-622I-1,Amhara,0,2022,Andansa,1,0,1,1,0,NO,0,0
AMAN031008,AMAN031008-EPHI-622I-1,Amhara,0,2022,Andansa,1,0,1,1,0,NO,0,0
AMJI031204,AMJI031204-EPHI-622I-1,Amhara,0,2022,Jiga,1,0,1,1,0,NO,0,0
AMJI031227,AMJI031227-EPHI-622I-1,Amhara,0,2022,Jiga,1,0,1,1,0,NO,0,0
AMJI031229,AMJI031229-EPHI-622I-1,Amhara,0,2022,Jiga,1,0,1,1,0,NO,0,0
AMJI031248,AMJI031248-EPHI-622I-1,Amhara,0,2022,Jiga,1,0,1,1,0,NO,0,0
AMJI031250,AMJI031250-EPHI-622I-1,Amhara,0,2022,Jiga,1,0,1,1,0,NO,0,0
AMJI031251,AMJI031251-EPHI-622I-1,Amhara,0,2022,Jiga,1,0,1,1,0,NO,0,0
AMJI031252,AMJI031252-EPHI-622I-1,Amhara,0,2022,Jiga,1,0,1,1,0,NO,0,0
AMJI031253,AMJI031253-EPHI-622I-1,Amhara,0,2022,Jiga,1,0,1,1,0,NO,0,0
AMJI031259,AMJI031259-EPHI-622I-1,Amhara,0,2022,Jiga,1,0,1,1,0,NO,0,0
AMJI031263,AMJI031263-EPHI-622I-1,Amhara,0,2022,Jiga,1,0,1,1,0,NO,0,0
AMJI031264,AMJI031264-EPHI-622I-1,Amhara,0,2022,Jiga,1,0,1,1,0,NO,0,0
AMJI031268,AMJI031268-EPHI-622I-1,Amhara,0,2022,Jiga,1,0,1,1,0,NO,0,0
AMJI031269,AMJI031269-EPHI-622I-1,Amhara,0,2022,Jiga,1,0,1,1,0,NO,0,0
AMJI031274,AMJI031274-EPHI-622I-1,Amhara,0,2022,Jiga,1,0,1,1,0,NO,0,0
AMJI031276,AMJI031276-EPHI-622I-1,Amhara,0,2022,Jiga,1,0,1,1,0,NO,0,0
AMJI031280,AMJI031280-EPHI-622I-1,Amhara,0,2022,Jiga,1,0,1,1,0,NO,0,0
AMJI031281,AMJI031281-EPHI-622I-1,Amhara,0,2022,Jiga,1,0,1,1,0,NO,0,0
AMJI031284,AMJI031284-EPHI-622I-1,Amhara,0,2022,Jiga,1,0,1,1,0,NO,0,0
AMJI031292,AMJI031292-EPHI-622I-1,Amhara,0,2022,Jiga,1,0,1,1,0,NO,0,0
AMJI031294,AMJI031294-EPHI-622I-1,Amhara,0,2022,Jiga,1,0,1,1,0,NO,0,0
AMJI031308,AMJI031308-EPHI-622I-1,Amhara,0,2022,Jiga,1,0,1,1,0,NO,0,0
AMJI031310,AMJI031310-EPHI-622I-1,Amhara,0,2022,Jiga,1,0,1,1,0,NO,0,0
AMJI031316,AMJI031316-EPHI-622I-1,Amhara,0,2022,Jiga,1,0,1,1,0,NO,0,0
AMJI031321,AMJI031321-EPHI-622I-1,Amhara,0,2022,Jiga,1,0,1,1,0,NO,0,0
AMJI031322,AMJI031322-EPHI-622I-1,Amhara,0,2022,Jiga,1,0,1,1,0,NO,0,0
AMWO031509,AMWO031509-EPHI-622I-1,Amhara,0,2022,Woreta,1,0,1,1,0,NO,0,0
ET_LT_891,ET_LT_891-EPHI-622I-1,SNNP,0,2019,Lante,1,0,1,1,0,NO,0,0
ET_LT_902,ET_LT_902-EPHI-622I-1,SNNP,0,2019,Lante,1,0,1,1,0,NO,0,0
GAAB092403,GAAB092403-EPHI-622I-1,Gambela,0,2022,Abol,1,0,1,1,0,NO,0,0
GAAB092407,GAAB092407-EPHI-622I-1,Gambela,0,2022,Abol,1,0,1,1,0,NO,0,0
GAAB092410,GAAB092410-EPHI-622I-1,Gambela,0,2022,Abol,1,0,1,1,0,NO,0,0
GAAB092411,GAAB092411-EPHI-622I-1,Gambela,0,2022,Abol,1,0,1,1,0,NO,0,0
GAAB092420,GAAB092420-EPHI-622I-1,Gambela,0,2022,Abol,1,0,1,1,0,NO,0,0
GAAB092428,GAAB092428-EPHI-622I-1,Gambela,0,2022,Abol,1,0,1,1,0,NO,0,0
GAAB092432,GAAB092432-EPHI-622I-1,Gambela,0,2022,Abol,1,0,1,1,0,NO,0,0
GAAB092442,GAAB092442-EPHI-622I-1,Gambela,0,2022,Abol,1,0,1,1,0,NO,0,0
GAAB092454,GAAB092454-EPHI-622I-1,Gambela,0,2022,Abol,1,0,1,1,0,NO,0,0
GAAB092463,GAAB092463-EPHI-622I-1,Gambela,0,2022,Abol,1,0,1,1,0,NO,0,0
GAAB092464,GAAB092464-EPHI-622I-1,Gambela,0,2022,Abol,1,0,1,1,0,NO,0,0
GAAB092465,GAAB092465-EPHI-622I-1,Gambela,0,2022,Abol,1,0,1,1,0,NO,0,0
GAAB092466,GAAB092466-EPHI-622I-1,Gambela,0,2022,Abol,1,0,1,1,0,NO,0,0
GAAB092479,GAAB092479-EPHI-622I-1,Gambela,0,2022,Abol,1,0,1,1,0,NO,0,0
GAAB092495,GAAB092495-EPHI-622I-1,Gambela,0,2022,Abol,1,0,1,1,0,NO,0,0
GAAB092497,GAAB092497-EPHI-622I-1,Gambela,0,2022,Abol,1,0,1,1,0,NO,0,0
GAAB092502,GAAB092502-EPHI-622I-1,Gambela,0,2022,Abol,1,0,1,1,0,NO,0,0
GAAB092503,GAAB092503-EPHI-622I-1,Gambela,0,2022,Abol,1,0,1,1,0,NO,0,0
GAAB092511,GAAB092511-EPHI-622I-1,Gambela,0,2022,Abol,1,0,1,1,0,NO,0,0
GAAB092513,GAAB092513-EPHI-622I-1,Gambela,0,2022,Abol,1,0,1,1,0,NO,0,0
GAAB092517,GAAB092517-EPHI-622I-1,Gambela,0,2022,Abol,1,0,1,1,0,NO,0,0
GAAB092518,GAAB092518-EPHI-622I-1,Gambela,0,2022,Abol,1,0,1,1,0,NO,0,0
GAAB092520,GAAB092520-EPHI-622I-1,Gambela,0,2022,Abol,1,0,1,1,0,NO,0,0
GAAB092521,GAAB092521-EPHI-622I-1,Gambela,0,2022,Abol,1,0,1,1,0,NO,0,0
GAAB092531,GAAB092531-EPHI-622I-1,Gambela,0,2022,Abol,1,0,1,1,0,NO,0,0
GAAB092536,GAAB092536-EPHI-622I-1,Gambela,0,2022,Abol,1,0,1,1,0,NO,0,0
GAAB092539,GAAB092539-EPHI-622I-1,Gambela,0,2022,Abol,1,0,1,1,0,NO,0,0
GAAB092540,GAAB092540-EPHI-622I-1,Gambela,0,2022,Abol,1,0,1,1,0,NO,0,0
GAAB092546,GAAB092546-EPHI-622I-1,Gambela,0,2022,Abol,1,0,1,1,0,NO,0,0
GAAB092562,GAAB092562-EPHI-622I-1,Gambela,0,2022,Abol,1,0,1,1,0,NO,0,0
GAAB092564,GAAB092564-EPHI-622I-1,Gambela,0,2022,Abol,1,0,1,1,0,NO,0,0
SOER052755,SOER052755-EPHI-622I-1,Somali,0,2022,Erer,1,0,1,1,0,NO,0,0
SOER052762,SOER052762-EPHI-622I-1,Somali,0,2022,Erer,1,0,1,1,0,NO,0,0
SOER052770,SOER052770-EPHI-622I-1,Somali,0,2022,Erer,1,0,1,1,0,NO,0,0
SOER052778,SOER052778-EPHI-622I-1,Somali,0,2022,Erer,1,0,1,1,0,NO,0,0
SOER052796,SOER052796-EPHI-622I-1,Somali,0,2023,Erer,1,0,1,1,0,NO,0,0
SOER052797,SOER052797-EPHI-622I-1,Somali,0,2023,Erer,1,0,1,1,0,NO,0,0
SOER052799,SOER052799-EPHI-622I-1,Somali,0,2023,Erer,1,0,1,1,0,NO,0,0
GAAB092406,GAAB092406-EPHI-622I-1,Gambela,0,2022,Abol,1,0,1,1,0,NO,0,0
GAAB092482,GAAB092482-EPHI-622I-1,Gambela,0,2022,Abol,1,0,1,1,0,NO,0,0
GAAB092408,GAAB092408-EPHI-622I-1,Gambela,0,2022,Abol,1,1,1,1,0,NO,0,0
GAAB092469,GAAB092469-EPHI-622I-1,Gambela,0,2022,Abol,1,1,1,1,0,NO,0,0
GAAB092489,GAAB092489-EPHI-622I-1,Gambela,0,2022,Abol,1,1,1,1,0,NO,0,0
GAAB092538,GAAB092538-EPHI-622I-1,Gambela,0,2022,Abol,1,1,1,1,0,NO,0,0
GAAB092401,GAAB092401-EPHI-622I-1,Gambela,0,2022,Abol,1,1,1,1,0,NO,0,0
GAAB092402,GAAB092402-EPHI-622I-1,Gambela,0,2022,Abol,1,1,1,1,0,NO,0,0
GAAB092415,GAAB092415-EPHI-622I-1,Gambela,0,2022,Abol,1,1,1,1,0,NO,0,0
GAAB092429,GAAB092429-EPHI-622I-1,Gambela,0,2022,Abol,1,1,1,1,0,NO,0,0
GAAB092436,GAAB092436-EPHI-622I-1,Gambela,0,2022,Abol,1,1,1,1,0,NO,0,0
GAAB092474,GAAB092474-EPHI-622I-1,Gambela,0,2022,Abol,1,1,1,1,0,NO,0,0
GAAB092478,GAAB092478-EPHI-622I-1,Gambela,0,2022,Abol,1,1,1,1,0,NO,0,0
GAAB092488,GAAB092488-EPHI-622I-1,Gambela,0,2022,Abol,1,1,1,1,0,NO,0,0
GAAB092494,GAAB092494-EPHI-622I-1,Gambela,0,2022,Abol,1,1,1,1,0,NO,0,0
GAAB092507,GAAB092507-EPHI-622I-1,Gambela,0,2022,Abol,1,1,1,1,0,NO,0,0
GAAB092524,GAAB092524-EPHI-622I-1,Gambela,0,2022,Abol,1,1,1,1,0,NO,0,0
GAAB092525,GAAB092525-EPHI-622I-1,Gambela,0,2022,Abol,1,1,1,1,0,NO,0,0
GAAB092527,GAAB092527-EPHI-622I-1,Gambela,0,2022,Abol,1,1,1,1,0,NO,0,0
AMAN030976,AMAN030976-EPHI-622I-1,Amhara,0,2022,Andansa,1,1,1,1,0,NO,0,0
AMAN031002,AMAN031002-EPHI-622I-1,Amhara,0,2022,Andansa,1,1,1,1,0,NO,0,0
GAAB092405,GAAB092405-EPHI-622I-1,Gambela,0,2022,Abol,1,1,1,1,0,NO,0,0
GAAB092409,GAAB092409-EPHI-622I-1,Gambela,0,2022,Abol,1,1,1,1,0,NO,0,0
GAAB092426,GAAB092426-EPHI-622I-1,Gambela,0,2022,Abol,1,1,1,1,0,NO,0,0
GAAB092433,GAAB092433-EPHI-622I-1,Gambela,0,2022,Abol,1,1,1,1,0,NO,0,0
GAAB092438,GAAB092438-EPHI-622I-1,Gambela,0,2022,Abol,1,1,1,1,0,NO,0,0
GAAB092439,GAAB092439-EPHI-622I-1,Gambela,0,2022,Abol,1,1,1,1,0,NO,0,0
GAAB092445,GAAB092445-EPHI-622I-1,Gambela,0,2022,Abol,1,1,1,1,0,NO,0,0
GAAB092450,GAAB092450-EPHI-622I-1,Gambela,0,2022,Abol,1,1,1,1,0,NO,0,0
GAAB092453,GAAB092453-EPHI-622I-1,Gambela,0,2022,Abol,1,1,1,1,0,NO,0,0
GAAB092456,GAAB092456-EPHI-622I-1,Gambela,0,2022,Abol,1,1,1,1,0,NO,0,0
GAAB092458,GAAB092458-EPHI-622I-1,Gambela,0,2022,Abol,1,1,1,1,0,NO,0,0
GAAB092468,GAAB092468-EPHI-622I-1,Gambela,0,2022,Abol,1,1,1,1,0,NO,0,0
GAAB092473,GAAB092473-EPHI-622I-1,Gambela,0,2022,Abol,1,1,1,1,0,NO,0,0
GAAB092475,GAAB092475-EPHI-622I-1,Gambela,0,2022,Abol,1,1,1,1,0,NO,0,0
GAAB092481,GAAB092481-EPHI-622I-1,Gambela,0,2022,Abol,1,1,1,1,0,NO,0,0
GAAB092487,GAAB092487-EPHI-622I-1,Gambela,0,2022,Abol,1,1,1,1,0,NO,0,0
GAAB092491,GAAB092491-EPHI-622I-1,Gambela,0,2022,Abol,1,1,1,1,0,NO,0,0
GAAB092499,GAAB092499-EPHI-622I-1,Gambela,0,2022,Abol,1,1,1,1,0,NO,0,0
GAAB092501,GAAB092501-EPHI-622I-1,Gambela,0,2022,Abol,1,1,1,1,0,NO,0,0
GAAB092504,GAAB092504-EPHI-622I-1,Gambela,0,2022,Abol,1,1,1,1,0,NO,0,0
GAAB092506,GAAB092506-EPHI-622I-1,Gambela,0,2022,Abol,1,1,1,1,0,NO,0,0
GAAB092508,GAAB092508-EPHI-622I-1,Gambela,0,2022,Abol,1,1,1,1,0,NO,0,0
GAAB092510,GAAB092510-EPHI-622I-1,Gambela,0,2022,Abol,1,1,1,1,0,NO,0,0
GAAB092512,GAAB092512-EPHI-622I-1,Gambela,0,2022,Abol,1,1,1,1,0,NO,0,0
GAAB092516,GAAB092516-EPHI-622I-1,Gambela,0,2022,Abol,1,1,1,1,0,NO,0,0
GAAB092519,GAAB092519-EPHI-622I-1,Gambela,0,2022,Abol,1,1,1,1,0,NO,0,0
GAAB092522,GAAB092522-EPHI-622I-1,Gambela,0,2022,Abol,1,1,1,1,0,NO,0,0
GAAB092523,GAAB092523-EPHI-622I-1,Gambela,0,2022,Abol,1,1,1,1,0,NO,0,0
GAAB092528,GAAB092528-EPHI-622I-1,Gambela,0,2022,Abol,1,1,1,1,0,NO,0,0
GAAB092530,GAAB092530-EPHI-622I-1,Gambela,0,2022,Abol,1,1,1,1,0,NO,0,0
GAAB092533,GAAB092533-EPHI-622I-1,Gambela,0,2022,Abol,1,1,1,1,0,NO,0,0
GAAB092541,GAAB092541-EPHI-622I-1,Gambela,0,2022,Abol,1,1,1,1,0,NO,0,0
GAAB092545,GAAB092545-EPHI-622I-1,Gambela,0,2022,Abol,1,1,1,1,0,NO,0,0
GAAB092560,GAAB092560-EPHI-622I-1,Gambela,0,2022,Abol,1,1,1,1,0,NO,0,0
ORBA040330,ORBA040330-EPHI-622I-1,Oromia,0,2022,Batu,1,1,1,1,0,NO,0,0
SOER052743,SOER052743-EPHI-622I-1,Somali,0,2022,Erer,1,1,1,1,0,NO,0,0
GAAB092476,GAAB092476-EPHI-622I-1,Gambela,0,2022,Abol,1,1,1,1,0,NO,0,0
AMAN030955,AMAN030955-EPHI-622I-1,Amhara,0,2022,Andansa,1,0,1,1,1,NO,0,0
AMAN031004,AMAN031004-EPHI-622I-1,Amhara,0,2022,Andansa,1,0,1,1,1,NO,0,0
AMAN031010,AMAN031010-EPHI-622I-1,Amhara,0,2022,Andansa,1,0,1,1,1,NO,0,0
GAAB092419,GAAB092419-EPHI-622I-1,Gambela,0,2022,Abol,1,0,1,1,1,NO,0,0
GAAB092449,GAAB092449-EPHI-622I-1,Gambela,0,2022,Abol,1,0,1,1,1,NO,0,0
GAAB092534,GAAB092534-EPHI-622I-1,Gambela,0,2022,Abol,1,0,1,1,1,NO,0,0
AMJI031317,AMJI031317-EPHI-622I-1,Amhara,0,2022,Jiga,1,0,1,1,1,NO,0,0
AMAN030902,AMAN030902-EPHI-622I-1,Amhara,0,2022,Andansa,1,0,1,1,1,NO,0,0
AMAN030903,AMAN030903-EPHI-622I-1,Amhara,0,2022,Andansa,1,0,1,1,1,NO,0,0
AMAN030905,AMAN030905-EPHI-622I-1,Amhara,0,2022,Andansa,1,0,1,1,1,NO,0,0
AMAN030906,AMAN030906-EPHI-622I-1,Amhara,0,2022,Andansa,1,0,1,1,1,NO,0,0
AMAN030908,AMAN030908-EPHI-622I-1,Amhara,0,2022,Andansa,1,0,1,1,1,NO,0,0
AMAN030909,AMAN030909-EPHI-622I-1,Amhara,0,2022,Andansa,1,0,1,1,1,NO,0,0
AMAN030910,AMAN030910-EPHI-622I-1,Amhara,0,2022,Andansa,1,0,1,1,1,NO,0,0
AMAN030911,AMAN030911-EPHI-622I-1,Amhara,0,2022,Andansa,1,0,1,1,1,NO,0,0
AMAN030912,AMAN030912-EPHI-622I-1,Amhara,0,2022,Andansa,1,0,1,1,1,NO,0,0
AMAN030914,AMAN030914-EPHI-622I-1,Amhara,0,2022,Andansa,1,0,1,1,1,NO,0,0
AMAN030916,AMAN030916-EPHI-622I-1,Amhara,0,2022,Andansa,1,0,1,1,1,NO,0,0
AMAN030918,AMAN030918-EPHI-622I-1,Amhara,0,2022,Andansa,1,0,1,1,1,NO,0,0
AMAN030920,AMAN030920-EPHI-622I-1,Amhara,0,2022,Andansa,1,0,1,1,1,NO,0,0
AMAN030921,AMAN030921-EPHI-622I-1,Amhara,0,2022,Andansa,1,0,1,1,1,NO,0,0
AMAN030922,AMAN030922-EPHI-622I-1,Amhara,0,2022,Andansa,1,0,1,1,1,NO,0,0
AMAN030924,AMAN030924-EPHI-622I-1,Amhara,0,2022,Andansa,1,0,1,1,1,NO,0,0
AMAN030925,AMAN030925-EPHI-622I-1,Amhara,0,2022,Andansa,1,0,1,1,1,NO,0,0
AMAN030926,AMAN030926-EPHI-622I-1,Amhara,0,2022,Andansa,1,0,1,1,1,NO,0,0
AMAN030927,AMAN030927-EPHI-622I-1,Amhara,0,2022,Andansa,1,0,1,1,1,NO,0,0
AMAN030928,AMAN030928-EPHI-622I-1,Amhara,0,2022,Andansa,1,0,1,1,1,NO,0,0
AMAN030929,AMAN030929-EPHI-622I-1,Amhara,0,2022,Andansa,1,0,1,1,1,NO,0,0
AMAN030930,AMAN030930-EPHI-622I-1,Amhara,0,2022,Andansa,1,0,1,1,1,NO,0,0
AMAN030931,AMAN030931-EPHI-622I-1,Amhara,0,2022,Andansa,1,0,1,1,1,NO,0,0
AMAN030932,AMAN030932-EPHI-622I-1,Amhara,0,2022,Andansa,1,0,1,1,1,NO,0,0
AMAN030933,AMAN030933-EPHI-622I-1,Amhara,0,2022,Andansa,1,0,1,1,1,NO,0,0
AMAN030934,AMAN030934-EPHI-622I-1,Amhara,0,2022,Andansa,1,0,1,1,1,NO,0,0
AMAN030935,AMAN030935-EPHI-622I-1,Amhara,0,2022,Andansa,1,0,1,1,1,NO,0,0
AMAN030936,AMAN030936-EPHI-622I-1,Amhara,0,2022,Andansa,1,0,1,1,1,NO,0,0
AMAN030937,AMAN030937-EPHI-622I-1,Amhara,0,2022,Andansa,1,0,1,1,1,NO,0,0
AMAN030938,AMAN030938-EPHI-622I-1,Amhara,0,2022,Andansa,1,0,1,1,1,NO,0,0
AMAN030940,AMAN030940-EPHI-622I-1,Amhara,0,2022,Andansa,1,0,1,1,1,NO,0,0
AMAN030942,AMAN030942-EPHI-622I-1,Amhara,0,2022,Andansa,1,0,1,1,1,NO,0,0
AMAN030943,AMAN030943-EPHI-622I-1,Amhara,0,2022,Andansa,1,0,1,1,1,NO,0,0
AMAN030945,AMAN030945-EPHI-622I-1,Amhara,0,2022,Andansa,1,0,1,1,1,NO,0,0
AMAN030946,AMAN030946-EPHI-622I-1,Amhara,0,2022,Andansa,1,0,1,1,1,NO,0,0
AMAN030948,AMAN030948-EPHI-622I-1,Amhara,0,2022,Andansa,1,0,1,1,1,NO,0,0
AMAN030949,AMAN030949-EPHI-622I-1,Amhara,0,2022,Andansa,1,0,1,1,1,NO,0,0
AMAN030953,AMAN030953-EPHI-622I-1,Amhara,0,2022,Andansa,1,0,1,1,1,NO,0,0
AMAN030954,AMAN030954-EPHI-622I-1,Amhara,0,2022,Andansa,1,0,1,1,1,NO,0,0
AMAN030956,AMAN030956-EPHI-622I-1,Amhara,0,2022,Andansa,1,0,1,1,1,NO,0,0
AMAN030957,AMAN030957-EPHI-622I-1,Amhara,0,2022,Andansa,1,0,1,1,1,NO,0,0
AMAN030958,AMAN030958-EPHI-622I-1,Amhara,0,2022,Andansa,1,0,1,1,1,NO,0,0
AMAN030959,AMAN030959-EPHI-622I-1,Amhara,0,2022,Andansa,1,0,1,1,1,NO,0,0
AMAN030960,AMAN030960-EPHI-622I-1,Amhara,0,2022,Andansa,1,0,1,1,1,NO,0,0
AMAN030962,AMAN030962-EPHI-622I-1,Amhara,0,2022,Andansa,1,0,1,1,1,NO,0,0
AMAN030965,AMAN030965-EPHI-622I-1,Amhara,0,2022,Andansa,1,0,1,1,1,NO,0,0
AMAN030967,AMAN030967-EPHI-622I-1,Amhara,0,2022,Andansa,1,0,1,1,1,NO,0,0
AMAN030968,AMAN030968-EPHI-622I-1,Amhara,0,2022,Andansa,1,0,1,1,1,NO,0,0
AMAN030971,AMAN030971-EPHI-622I-1,Amhara,0,2022,Andansa,1,0,1,1,1,NO,0,0
AMAN030972,AMAN030972-EPHI-622I-1,Amhara,0,2022,Andansa,1,0,1,1,1,NO,0,0
AMAN030977,AMAN030977-EPHI-622I-1,Amhara,0,2022,Andansa,1,0,1,1,1,NO,0,0
AMAN030979,AMAN030979-EPHI-622I-1,Amhara,0,2022,Andansa,1,0,1,1,1,NO,0,0
AMAN030980,AMAN030980-EPHI-622I-1,Amhara,0,2022,Andansa,1,0,1,1,1,NO,0,0
AMAN030981,AMAN030981-EPHI-622I-1,Amhara,0,2022,Andansa,1,0,1,1,1,NO,0,0
AMAN030982,AMAN030982-EPHI-622I-1,Amhara,0,2022,Andansa,1,0,1,1,1,NO,0,0
AMAN030985,AMAN030985-EPHI-622I-1,Amhara,0,2022,Andansa,1,0,1,1,1,NO,0,0
AMAN030991,AMAN030991-EPHI-622I-1,Amhara,0,2022,Andansa,1,0,1,1,1,NO,0,0
AMAN030993,AMAN030993-EPHI-622I-1,Amhara,0,2022,Andansa,1,0,1,1,1,NO,0,0
AMAN030997,AMAN030997-EPHI-622I-1,Amhara,0,2022,Andansa,1,0,1,1,1,NO,0,0
AMAN030998,AMAN030998-EPHI-622I-1,Amhara,0,2022,Andansa,1,0,1,1,1,NO,0,0
AMAN030999,AMAN030999-EPHI-622I-1,Amhara,0,2022,Andansa,1,0,1,1,1,NO,0,0
AMAN031003,AMAN031003-EPHI-622I-1,Amhara,0,2022,Andansa,1,0,1,1,1,NO,0,0
AMAN031005,AMAN031005-EPHI-622I-1,Amhara,0,2022,Andansa,1,0,1,1,1,NO,0,0
AMAN031006,AMAN031006-EPHI-622I-1,Amhara,0,2022,Andansa,1,0,1,1,1,NO,0,0
AMAN031007,AMAN031007-EPHI-622I-1,Amhara,0,2022,Andansa,1,0,1,1,1,NO,0,0
AMAN031011,AMAN031011-EPHI-622I-1,Amhara,0,2022,Andansa,1,0,1,1,1,NO,0,0
AMAN031012,AMAN031012-EPHI-622I-1,Amhara,0,2022,Andansa,1,0,1,1,1,NO,0,0
AMAN031013,AMAN031013-EPHI-622I-1,Amhara,0,2022,Andansa,1,0,1,1,1,NO,0,0
AMAN031014,AMAN031014-EPHI-622I-1,Amhara,0,2022,Andansa,1,0,1,1,1,NO,0,0
AMAN031015,AMAN031015-EPHI-622I-1,Amhara,0,2022,Andansa,1,0,1,1,1,NO,0,0
AMAN031018,AMAN031018-EPHI-622I-1,Amhara,0,2022,Andansa,1,0,1,1,1,NO,0,0
AMAN031019,AMAN031019-EPHI-622I-1,Amhara,0,2022,Andansa,1,0,1,1,1,NO,0,0
AMAN031020,AMAN031020-EPHI-622I-1,Amhara,0,2022,Andansa,1,0,1,1,1,NO,0,0
AMAN031021,AMAN031021-EPHI-622I-1,Amhara,0,2022,Andansa,1,0,1,1,1,NO,0,0
AMAN031025,AMAN031025-EPHI-622I-1,Amhara,0,2023,Andansa,1,0,1,1,1,NO,0,0
AMJI031203,AMJI031203-EPHI-622I-1,Amhara,0,2022,Jiga,1,0,1,1,1,NO,0,0
AMJI031206,AMJI031206-EPHI-622I-1,Amhara,0,2022,Jiga,1,0,1,1,1,NO,0,0
AMJI031210,AMJI031210-EPHI-622I-1,Amhara,0,2022,Jiga,1,0,1,1,1,NO,0,0
AMJI031212,AMJI031212-EPHI-622I-1,Amhara,0,2022,Jiga,1,0,1,1,1,NO,0,0
AMJI031215,AMJI031215-EPHI-622I-1,Amhara,0,2022,Jiga,1,0,1,1,1,NO,0,0
AMJI031216,AMJI031216-EPHI-622I-1,Amhara,0,2022,Jiga,1,0,1,1,1,NO,0,0
AMJI031217,AMJI031217-EPHI-622I-1,Amhara,0,2022,Jiga,1,0,1,1,1,NO,0,0
AMJI031218,AMJI031218-EPHI-622I-1,Amhara,0,2022,Jiga,1,0,1,1,1,NO,0,0
AMJI031226,AMJI031226-EPHI-622I-1,Amhara,0,2022,Jiga,1,0,1,1,1,NO,0,0
AMJI031230,AMJI031230-EPHI-622I-1,Amhara,0,2022,Jiga,1,0,1,1,1,NO,0,0
AMJI031231,AMJI031231-EPHI-622I-1,Amhara,0,2022,Jiga,1,0,1,1,1,NO,0,0
AMJI031234,AMJI031234-EPHI-622I-1,Amhara,0,2022,Jiga,1,0,1,1,1,NO,0,0
AMJI031237,AMJI031237-EPHI-622I-1,Amhara,0,2022,Jiga,1,0,1,1,1,NO,0,0
AMJI031243,AMJI031243-EPHI-622I-1,Amhara,0,2022,Jiga,1,0,1,1,1,NO,0,0
AMJI031244,AMJI031244-EPHI-622I-1,Amhara,0,2022,Jiga,1,0,1,1,1,NO,0,0
AMJI031245,AMJI031245-EPHI-622I-1,Amhara,0,2022,Jiga,1,0,1,1,1,NO,0,0
AMJI031247,AMJI031247-EPHI-622I-1,Amhara,0,2022,Jiga,1,0,1,1,1,NO,0,0
AMJI031249,AMJI031249-EPHI-622I-1,Amhara,0,2022,Jiga,1,0,1,1,1,NO,0,0
AMJI031256,AMJI031256-EPHI-622I-1,Amhara,0,2022,Jiga,1,0,1,1,1,NO,0,0
AMJI031261,AMJI031261-EPHI-622I-1,Amhara,0,2022,Jiga,1,0,1,1,1,NO,0,0
AMJI031265,AMJI031265-EPHI-622I-1,Amhara,0,2022,Jiga,1,0,1,1,1,NO,0,0
AMJI031275,AMJI031275-EPHI-622I-1,Amhara,0,2022,Jiga,1,0,1,1,1,NO,0,0
AMJI031282,AMJI031282-EPHI-622I-1,Amhara,0,2022,Jiga,1,0,1,1,1,NO,0,0
AMJI031283,AMJI031283-EPHI-622I-1,Amhara,0,2022,Jiga,1,0,1,1,1,NO,0,0
AMJI031285,AMJI031285-EPHI-622I-1,Amhara,0,2022,Jiga,1,0,1,1,1,NO,0,0
AMJI031287,AMJI031287-EPHI-622I-1,Amhara,0,2022,Jiga,1,0,1,1,1,NO,0,0
AMJI031288,AMJI031288-EPHI-622I-1,Amhara,0,2022,Jiga,1,0,1,1,1,NO,0,0
AMJI031290,AMJI031290-EPHI-622I-1,Amhara,0,2022,Jiga,1,0,1,1,1,NO,0,0
AMJI031291,AMJI031291-EPHI-622I-1,Amhara,0,2022,Jiga,1,0,1,1,1,NO,0,0
AMJI031306,AMJI031306-EPHI-622I-1,Amhara,0,2022,Jiga,1,0,1,1,1,NO,0,0
AMJI031318,AMJI031318-EPHI-622I-1,Amhara,0,2022,Jiga,1,0,1,1,1,NO,0,0
AMJI031319,AMJI031319-EPHI-622I-1,Amhara,0,2022,Jiga,1,0,1,1,1,NO,0,0
AMJI031323,AMJI031323-EPHI-622I-1,Amhara,0,2022,Jiga,1,0,1,1,1,NO,0,0
AMJI031325,AMJI031325-EPHI-622I-1,Amhara,0,2022,Jiga,1,0,1,1,1,NO,0,0
AMWO031507,AMWO031507-EPHI-622I-1,Amhara,0,2022,Woreta,1,0,1,1,1,NO,0,0
AMWO031508,AMWO031508-EPHI-622I-1,Amhara,0,2022,Woreta,1,0,1,1,1,NO,0,0
AMWO031510,AMWO031510-EPHI-622I-1,Amhara,0,2022,Woreta,1,0,1,1,1,NO,0,0
AMWO031511,AMWO031511-EPHI-622I-1,Amhara,0,2022,Woreta,1,0,1,1,1,NO,0,0
AMWO031512,AMWO031512-EPHI-622I-1,Amhara,0,2022,Woreta,1,0,1,1,1,NO,0,0
AMWO031517,AMWO031517-EPHI-622I-1,Amhara,0,2022,Woreta,1,0,1,1,1,NO,0,0
AMWO031519,AMWO031519-EPHI-622I-1,Amhara,0,2022,Woreta,1,0,1,1,1,NO,0,0
AMWO031521,AMWO031521-EPHI-622I-1,Amhara,0,2022,Woreta,1,0,1,1,1,NO,0,0
AMWO031526,AMWO031526-EPHI-622I-1,Amhara,0,2022,Woreta,1,0,1,1,1,NO,0,0
AMWO031532,AMWO031532-EPHI-622I-1,Amhara,0,2022,Woreta,1,0,1,1,1,NO,0,0
AMWO031533,AMWO031533-EPHI-622I-1,Amhara,0,2022,Woreta,1,0,1,1,1,NO,0,0
AMWO031539,AMWO031539-EPHI-622I-1,Amhara,0,2022,Woreta,1,0,1,1,1,NO,0,0
AMWO031554,AMWO031554-EPHI-622I-1,Amhara,0,2022,Woreta,1,0,1,1,1,NO,0,0
AMWO031555,AMWO031555-EPHI-622I-1,Amhara,0,2022,Woreta,1,0,1,1,1,NO,0,0
AMWO031561,AMWO031561-EPHI-622I-1,Amhara,0,2022,Woreta,1,0,1,1,1,NO,0,0
AMWO031563,AMWO031563-EPHI-622I-1,Amhara,0,2022,Woreta,1,0,1,1,1,NO,0,0
AMWO031569,AMWO031569-EPHI-622I-1,Amhara,0,2022,Woreta,1,0,1,1,1,NO,0,0
AMWO031579,AMWO031579-EPHI-622I-1,Amhara,0,2022,Woreta,1,0,1,1,1,NO,0,0
AMWO031581,AMWO031581-EPHI-622I-1,Amhara,0,2022,Woreta,1,0,1,1,1,NO,0,0
AMWO031582,AMWO031582-EPHI-622I-1,Amhara,0,2022,Woreta,1,0,1,1,1,NO,0,0
AMWO031583,AMWO031583-EPHI-622I-1,Amhara,0,2022,Woreta,1,0,1,1,1,NO,0,0
AMWO031586,AMWO031586-EPHI-622I-1,Amhara,0,2022,Woreta,1,0,1,1,1,NO,0,0
AMWO031587,AMWO031587-EPHI-622I-1,Amhara,0,2022,Woreta,1,0,1,1,1,NO,0,0
AMWO031588,AMWO031588-EPHI-622I-1,Amhara,0,2022,Woreta,1,0,1,1,1,NO,0,0
AMWO031589,AMWO031589-EPHI-622I-1,Amhara,0,2022,Woreta,1,0,1,1,1,NO,0,0
AMWO031590,AMWO031590-EPHI-622I-1,Amhara,0,2023,Woreta,1,0,1,1,1,NO,0,0
ET_LT_582,ET_LT_582-EPHI-622I-1,SNNP,0,2019,Lante,1,0,1,1,1,NO,0,0
ET_LT_667,ET_LT_667-EPHI-622I-1,SNNP,0,2019,Lante,1,0,1,1,1,NO,0,0
ET_LT_712,ET_LT_712-EPHI-622I-1,SNNP,0,2019,Lante,1,0,1,1,1,NO,0,0
ET_LT_749,ET_LT_749-EPHI-622I-1,SNNP,0,2019,Lante,1,0,1,1,1,NO,0,0
ET_LT_935,ET_LT_935-EPHI-622I-1,SNNP,0,2019,Lante,1,0,1,1,1,NO,0,0
ET_MT_388,ET_MT_388-EPHI-622I-1,Oromia,0,2019,Metehara,1,0,1,1,1,NO,0,0
ET_MT_399,ET_MT_399-EPHI-622I-1,Oromia,0,2019,Metehara,1,0,1,1,1,NO,0,0
ET_MT_419,ET_MT_419-EPHI-622I-1,Oromia,0,2019,Metehara,1,0,1,1,1,NO,0,0
ET_MT_421,ET_MT_421-EPHI-622I-1,Oromia,0,2019,Metehara,1,0,1,1,1,NO,0,0
ET_MT_429,ET_MT_429-EPHI-622I-1,Oromia,0,2019,Metehara,1,0,1,1,1,NO,0,0
ET_MT_469,ET_MT_469-EPHI-622I-1,Oromia,0,2019,Metehara,1,0,1,1,1,NO,0,0
ET_MT_473,ET_MT_473-EPHI-622I-1,Oromia,0,2019,Metehara,1,0,1,1,1,NO,0,0
ET_MT_538,ET_MT_538-EPHI-622I-1,Oromia,0,2019,Metehara,1,0,1,1,1,NO,0,0
ET_MT_543,ET_MT_543-EPHI-622I-1,Oromia,0,2019,Metehara,1,0,1,1,1,NO,0,0
ET_MT_551,ET_MT_551-EPHI-622I-1,Oromia,0,2019,Metehara,1,0,1,1,1,NO,0,0
ET_MT_553,ET_MT_553-EPHI-622I-1,Oromia,0,2019,Metehara,1,0,1,1,1,NO,0,0
ET_MT_555,ET_MT_555-EPHI-622I-1,Oromia,0,2019,Metehara,1,0,1,1,1,NO,0,0
ET_MT_558,ET_MT_558-EPHI-622I-1,Oromia,0,2019,Metehara,1,0,1,1,1,NO,0,0
ET_MT_569,ET_MT_569-EPHI-622I-1,Oromia,0,2019,Metehara,1,0,1,1,1,NO,0,0
ET_MT_573,ET_MT_573-EPHI-622I-1,Oromia,0,2019,Metehara,1,0,1,1,1,NO,0,0
ET_SL_1217,ET_SL_1217-EPHI-622I-1,SNNP,0,2019,Shile,1,0,1,1,1,NO,0,0
ET_SL_1224,ET_SL_1224-EPHI-622I-1,SNNP,0,2019,Shile,1,0,1,1,1,NO,0,0
ET_SL_1351,ET_SL_1351-EPHI-622I-1,SNNP,0,2019,Shile,1,0,1,1,1,NO,0,0
ET_SL_1467,ET_SL_1467-EPHI-622I-1,SNNP,0,2019,Shile,1,0,1,1,1,NO,0,0
ET_SL_1468,ET_SL_1468-EPHI-622I-1,SNNP,0,2019,Shile,1,0,1,1,1,NO,0,0
ET_SL_1485,ET_SL_1485-EPHI-622I-1,SNNP,0,2019,Shile,1,0,1,1,1,NO,0,0
ET_SL_1490,ET_SL_1490-EPHI-622I-1,SNNP,0,2019,Shile,1,0,1,1,1,NO,0,0
GAAB092424,GAAB092424-EPHI-622I-1,Gambela,0,2022,Abol,1,0,1,1,1,NO,0,0
GAAB092457,GAAB092457-EPHI-622I-1,Gambela,0,2022,Abol,1,0,1,1,1,NO,0,0
GAAB092500,GAAB092500-EPHI-622I-1,Gambela,0,2022,Abol,1,0,1,1,1,NO,0,0
GAAB092561,GAAB092561-EPHI-622I-1,Gambela,0,2022,Abol,1,0,1,1,1,NO,0,0
ORAS040005,ORAS040005-EPHI-622I-1,Oromia,0,2022,Asendabo,1,0,1,1,1,NO,0,0
ORAS040008,ORAS040008-EPHI-622I-1,Oromia,0,2022,Asendabo,1,0,1,1,1,NO,0,0
ORAS040012,ORAS040012-EPHI-622I-1,Oromia,0,2022,Asendabo,1,0,1,1,1,NO,0,0
ORME040601,ORME040601-EPHI-622I-1,Oromia,0,2022,Metehara,1,0,1,1,1,NO,0,0
ORME040613,ORME040613-EPHI-622I-1,Oromia,0,2022,Metehara,1,0,1,1,1,NO,0,0
ORME040615,ORME040615-EPHI-622I-1,Oromia,0,2022,Metehara,1,0,1,1,1,NO,0,0
ORME040616,ORME040616-EPHI-622I-1,Oromia,0,2022,Metehara,1,0,1,1,1,NO,0,0
ORME040632,ORME040632-EPHI-622I-1,Oromia,0,2022,Metehara,1,0,1,1,1,NO,0,0
ORME040636,ORME040636-EPHI-622I-1,Oromia,0,2022,Metehara,1,0,1,1,1,NO,0,0
ORME040637,ORME040637-EPHI-622I-1,Oromia,0,2022,Metehara,1,0,1,1,1,NO,0,0
ORME040643,ORME040643-EPHI-622I-1,Oromia,0,2022,Metehara,1,0,1,1,1,NO,0,0
ORME040647,ORME040647-EPHI-622I-1,Oromia,0,2022,Metehara,1,0,1,1,1,NO,0,0
ORME040652,ORME040652-EPHI-622I-1,Oromia,0,2022,Metehara,1,0,1,1,1,NO,0,0
ORME040672,ORME040672-EPHI-622I-1,Oromia,0,2022,Metehara,1,0,1,1,1,NO,0,0
ORME040675,ORME040675-EPHI-622I-1,Oromia,0,2022,Metehara,1,0,1,1,1,NO,0,0
ORME040700,ORME040700-EPHI-622I-1,Oromia,0,2022,Metehara,1,0,1,1,1,NO,0,0
SOER052703,SOER052703-EPHI-622I-1,Somali,0,2022,Erer,1,0,1,1,1,NO,0,0
SOER052704,SOER052704-EPHI-622I-1,Somali,0,2022,Erer,1,0,1,1,1,NO,0,0
SOER052739,SOER052739-EPHI-622I-1,Somali,0,2022,Erer,1,0,1,1,1,NO,0,0
SOER052773,SOER052773-EPHI-622I-1,Somali,0,2022,Erer,1,0,1,1,1,NO,0,0
ET_MT_477,ET_MT_477-EPHI-622I-1,Oromia,0,2019,Metehara,0,1,1,1,1,NO,0,0
SNSE072150,SNSE072150-EPHI-622I-1,SNNP,0,2022,Secha,0,1,1,1,1,NO,0,0
SNSE072115,SNSE072115-EPHI-622I-1,SNNP,0,2022,Secha,0,1,1,1,1,NO,0,0
GAAB092434,GAAB092434-EPHI-622I-1,Gambela,0,2022,Abol,1,1,1,1,0,NO,1,0
AMAN031026,AMAN031026-EPHI-622I-1,Amhara,0,2023,Andansa,1,0,1,1,1,NO,1,0
AMAN030969,AMAN030969-EPHI-622I-1,Amhara,0,2022,Andansa,1,0,1,1,1,NO,1,0
AMAN030990,AMAN030990-EPHI-622I-1,Amhara,0,2022,Andansa,1,0,1,1,1,NO,1,0
AMWO031621,AMWO031621-EPHI-622I-1,Amhara,0,2023,Woreta,1,0,1,1,1,NO,1,0
AMWO031622,AMWO031622-EPHI-622I-1,Amhara,0,2023,Woreta,1,0,1,1,1,NO,1,0
AMWO031623,AMWO031623-EPHI-622I-1,Amhara,0,2023,Woreta,1,0,1,1,1,NO,1,0
AMWO031624,AMWO031624-EPHI-622I-1,Amhara,0,2023,Woreta,1,0,1,1,1,NO,1,0
AMWO031625,AMWO031625-EPHI-622I-1,Amhara,0,2023,Woreta,1,0,1,1,1,NO,1,0
AMWO031627,AMWO031627-EPHI-622I-1,Amhara,0,2023,Woreta,1,0,1,1,1,NO,1,0
AMWO031628,AMWO031628-EPHI-622I-1,Amhara,0,2023,Woreta,1,0,1,1,1,NO,1,0
AMWO031630,AMWO031630-EPHI-622I-1,Amhara,0,2023,Woreta,1,0,1,1,1,NO,1,0
ET_MT_232,ET_MT_232-EPHI-622I-1,Oromia,0,2019,Metehara,1,0,1,1,1,NO,1,0
ET_MT_331,ET_MT_331-EPHI-622I-1,Oromia,0,2019,Metehara,1,0,1,1,1,NO,1,0
ET_MT_387,ET_MT_387-EPHI-622I-1,Oromia,0,2019,Metehara,1,0,1,1,1,NO,1,0
ET_MT_528,ET_MT_528-EPHI-622I-1,Oromia,0,2019,Metehara,1,0,1,1,1,NO,1,0
ET_MT_563,ET_MT_563-EPHI-622I-1,Oromia,0,2019,Metehara,1,0,1,1,1,NO,1,0
GAAB092472,GAAB092472-EPHI-622I-1,Gambela,0,2022,Abol,1,0,1,1,1,NO,1,0
GAAB092526,GAAB092526-EPHI-622I-1,Gambela,1,2022,Abol,1,1,1,1,1,YES,0,0
AMAN030951,AMAN030951-EPHI-622I-1,Amhara,1,2022,Andansa,1,1,1,1,1,YES,0,0
GAAB092425,GAAB092425-EPHI-622I-1,Gambela,1,2022,Abol,1,1,1,1,1,YES,0,0
GAAB092435,GAAB092435-EPHI-622I-1,Gambela,1,2022,Abol,1,1,1,1,1,YES,0,0
GAAB092492,GAAB092492-EPHI-622I-1,Gambela,1,2022,Abol,1,1,1,1,1,YES,0,0
GAAB092563,GAAB092563-EPHI-622I-1,Gambela,1,2022,Abol,1,1,1,1,1,YES,0,0
ORME040678,ORME040678-EPHI-622I-1,Oromia,1,2022,Metehara,1,1,1,1,1,YES,0,0
ORME040698,ORME040698-EPHI-622I-1,Oromia,1,2022,Metehara,1,1,1,1,1,YES,0,0
GAAB092514,GAAB092514-EPHI-622I-1,Gambela,1,2022,Abol,1,1,1,1,1,YES,0,0
GAAB092529,GAAB092529-EPHI-622I-1,Gambela,1,2022,Abol,1,1,1,1,1,YES,0,0
ORME040607,ORME040607-EPHI-622I-1,Oromia,1,2022,Metehara,1,1,1,1,1,YES,0,0
AMAN030904,AMAN030904-EPHI-622I-1,Amhara,1,2022,Andansa,1,1,1,1,1,YES,0,0
AMAN030947,AMAN030947-EPHI-622I-1,Amhara,1,2022,Andansa,1,1,1,1,1,YES,0,0
AMAN030989,AMAN030989-EPHI-622I-1,Amhara,1,2022,Andansa,1,1,1,1,1,YES,0,0
AMAN031024,AMAN031024-EPHI-622I-1,Amhara,1,2023,Andansa,1,1,1,1,1,YES,0,0
AMJI031236,AMJI031236-EPHI-622I-1,Amhara,1,2022,Jiga,1,1,1,1,1,YES,0,0
ET_MT_526,ET_MT_526-EPHI-622I-1,Oromia,1,2019,Metehara,1,1,1,1,1,YES,0,0
ET_SL_1489,ET_SL_1489-EPHI-622I-1,SNNP,1,2019,Shile,1,1,1,1,1,YES,0,0
ET_SL_1492,ET_SL_1492-EPHI-622I-1,SNNP,1,2019,Shile,1,1,1,1,1,YES,0,0
ET_SL_1493,ET_SL_1493-EPHI-622I-1,SNNP,1,2019,Shile,1,1,1,1,1,YES,0,0
GAAB092427,GAAB092427-EPHI-622I-1,Gambela,1,2022,Abol,1,1,1,1,1,YES,0,0
ORAS040030,ORAS040030-EPHI-622I-1,Oromia,1,2022,Asendabo,1,1,1,1,1,YES,0,0
AMJI031213,AMJI031213-EPHI-622I-1,Amhara,1,2022,Jiga,1,1,1,1,1,YES,0,0
ET_LT_523,ET_LT_523-EPHI-622I-1,SNNP,1,2019,Lante,1,1,1,1,1,YES,0,0
ET_LT_720,ET_LT_720-EPHI-622I-1,SNNP,1,2019,Lante,1,1,1,1,1,YES,0,0
ET_LT_944,ET_LT_944-EPHI-622I-1,SNNP,1,2019,Lante,1,1,1,1,1,YES,0,0
ET_MT_502,ET_MT_502-EPHI-622I-1,Oromia,1,2019,Metehara,1,1,1,1,1,YES,0,0
ET_SL_1043,ET_SL_1043-EPHI-622I-1,SNNP,1,2019,Shile,1,1,1,1,1,YES,0,0
ORBA040336,ORBA040336-EPHI-622I-1,Oromia,1,2023,Batu,1,1,1,1,1,YES,0,0
ORME040631,ORME040631-EPHI-622I-1,Oromia,1,2022,Metehara,1,1,1,1,1,YES,0,0
AMAN030907,AMAN030907-EPHI-622I-1,Amhara,1,2022,Andansa,1,1,1,1,1,YES,0,0
AMAN030917,AMAN030917-EPHI-622I-1,Amhara,1,2022,Andansa,1,1,1,1,1,YES,0,0
AMAN030919,AMAN030919-EPHI-622I-1,Amhara,1,2022,Andansa,1,1,1,1,1,YES,0,0
AMAN030952,AMAN030952-EPHI-622I-1,Amhara,1,2022,Andansa,1,1,1,1,1,YES,0,0
AMAN030963,AMAN030963-EPHI-622I-1,Amhara,1,2022,Andansa,1,1,1,1,1,YES,0,0
AMAN030966,AMAN030966-EPHI-622I-1,Amhara,1,2022,Andansa,1,1,1,1,1,YES,0,0
AMAN030973,AMAN030973-EPHI-622I-1,Amhara,1,2022,Andansa,1,1,1,1,1,YES,0,0
AMAN030975,AMAN030975-EPHI-622I-1,Amhara,1,2022,Andansa,1,1,1,1,1,YES,0,0
AMAN030978,AMAN030978-EPHI-622I-1,Amhara,1,2022,Andansa,1,1,1,1,1,YES,0,0
AMAN030987,AMAN030987-EPHI-622I-1,Amhara,1,2022,Andansa,1,1,1,1,1,YES,0,0
AMAN031017,AMAN031017-EPHI-622I-1,Amhara,1,2022,Andansa,1,1,1,1,1,YES,0,0
AMAN031022,AMAN031022-EPHI-622I-1,Amhara,1,2022,Andansa,1,1,1,1,1,YES,0,0
AMAN031023,AMAN031023-EPHI-622I-1,Amhara,1,2022,Andansa,1,1,1,1,1,YES,0,0
AMAN031027,AMAN031027-EPHI-622I-1,Amhara,1,2023,Andansa,1,1,1,1,1,YES,0,0
AMJI031207,AMJI031207-EPHI-622I-1,Amhara,1,2022,Jiga,1,1,1,1,1,YES,0,0
AMJI031208,AMJI031208-EPHI-622I-1,Amhara,1,2022,Jiga,1,1,1,1,1,YES,0,0
AMJI031211,AMJI031211-EPHI-622I-1,Amhara,1,2022,Jiga,1,1,1,1,1,YES,0,0
AMJI031214,AMJI031214-EPHI-622I-1,Amhara,1,2022,Jiga,1,1,1,1,1,YES,0,0
AMJI031220,AMJI031220-EPHI-622I-1,Amhara,1,2022,Jiga,1,1,1,1,1,YES,0,0
AMJI031221,AMJI031221-EPHI-622I-1,Amhara,1,2022,Jiga,1,1,1,1,1,YES,0,0
AMJI031222,AMJI031222-EPHI-622I-1,Amhara,1,2022,Jiga,1,1,1,1,1,YES,0,0
AMJI031223,AMJI031223-EPHI-622I-1,Amhara,1,2022,Jiga,1,1,1,1,1,YES,0,0
AMJI031224,AMJI031224-EPHI-622I-1,Amhara,1,2022,Jiga,1,1,1,1,1,YES,0,0
AMJI031225,AMJI031225-EPHI-622I-1,Amhara,1,2022,Jiga,1,1,1,1,1,YES,0,0
AMJI031228,AMJI031228-EPHI-622I-1,Amhara,1,2022,Jiga,1,1,1,1,1,YES,0,0
AMJI031232,AMJI031232-EPHI-622I-1,Amhara,1,2022,Jiga,1,1,1,1,1,YES,0,0
AMJI031235,AMJI031235-EPHI-622I-1,Amhara,1,2022,Jiga,1,1,1,1,1,YES,0,0
AMJI031240,AMJI031240-EPHI-622I-1,Amhara,1,2022,Jiga,1,1,1,1,1,YES,0,0
AMJI031242,AMJI031242-EPHI-622I-1,Amhara,1,2022,Jiga,1,1,1,1,1,YES,0,0
AMJI031246,AMJI031246-EPHI-622I-1,Amhara,1,2022,Jiga,1,1,1,1,1,YES,0,0
AMJI031254,AMJI031254-EPHI-622I-1,Amhara,1,2022,Jiga,1,1,1,1,1,YES,0,0
AMJI031255,AMJI031255-EPHI-622I-1,Amhara,1,2022,Jiga,1,1,1,1,1,YES,0,0
AMJI031257,AMJI031257-EPHI-622I-1,Amhara,1,2022,Jiga,1,1,1,1,1,YES,0,0
AMJI031258,AMJI031258-EPHI-622I-1,Amhara,1,2022,Jiga,1,1,1,1,1,YES,0,0
AMJI031262,AMJI031262-EPHI-622I-1,Amhara,1,2022,Jiga,1,1,1,1,1,YES,0,0
AMJI031266,AMJI031266-EPHI-622I-1,Amhara,1,2022,Jiga,1,1,1,1,1,YES,0,0
AMJI031267,AMJI031267-EPHI-622I-1,Amhara,1,2022,Jiga,1,1,1,1,1,YES,0,0
AMJI031270,AMJI031270-EPHI-622I-1,Amhara,1,2022,Jiga,1,1,1,1,1,YES,0,0
AMJI031272,AMJI031272-EPHI-622I-1,Amhara,1,2022,Jiga,1,1,1,1,1,YES,0,0
AMJI031273,AMJI031273-EPHI-622I-1,Amhara,1,2022,Jiga,1,1,1,1,1,YES,0,0
AMJI031277,AMJI031277-EPHI-622I-1,Amhara,1,2022,Jiga,1,1,1,1,1,YES,0,0
AMJI031278,AMJI031278-EPHI-622I-1,Amhara,1,2022,Jiga,1,1,1,1,1,YES,0,0
AMJI031279,AMJI031279-EPHI-622I-1,Amhara,1,2022,Jiga,1,1,1,1,1,YES,0,0
AMJI031286,AMJI031286-EPHI-622I-1,Amhara,1,2022,Jiga,1,1,1,1,1,YES,0,0
AMJI031296,AMJI031296-EPHI-622I-1,Amhara,1,2022,Jiga,1,1,1,1,1,YES,0,0
AMJI031297,AMJI031297-EPHI-622I-1,Amhara,1,2022,Jiga,1,1,1,1,1,YES,0,0
AMJI031298,AMJI031298-EPHI-622I-1,Amhara,1,2022,Jiga,1,1,1,1,1,YES,0,0
AMJI031300,AMJI031300-EPHI-622I-1,Amhara,1,2022,Jiga,1,1,1,1,1,YES,0,0
AMJI031314,AMJI031314-EPHI-622I-1,Amhara,1,2022,Jiga,1,1,1,1,1,YES,0,0
AMJI031332,AMJI031332-EPHI-622I-1,Amhara,1,2022,Jiga,1,1,1,1,1,YES,0,0
AMWO031513,AMWO031513-EPHI-622I-1,Amhara,1,2022,Woreta,1,1,1,1,1,YES,0,0
AMWO031518,AMWO031518-EPHI-622I-1,Amhara,1,2022,Woreta,1,1,1,1,1,YES,0,0
AMWO031523,AMWO031523-EPHI-622I-1,Amhara,1,2022,Woreta,1,1,1,1,1,YES,0,0
AMWO031534,AMWO031534-EPHI-622I-1,Amhara,1,2022,Woreta,1,1,1,1,1,YES,0,0
AMWO031548,AMWO031548-EPHI-622I-1,Amhara,1,2022,Woreta,1,1,1,1,1,YES,0,0
AMWO031551,AMWO031551-EPHI-622I-1,Amhara,1,2022,Woreta,1,1,1,1,1,YES,0,0
AMWO031564,AMWO031564-EPHI-622I-1,Amhara,1,2022,Woreta,1,1,1,1,1,YES,0,0
AMWO031564,AMWO031564-EPHI-622I-1,Amhara,1,2022,Woreta,1,1,1,1,1,YES,0,0
AMWO031567,AMWO031567-EPHI-622I-1,Amhara,1,2022,Woreta,1,1,1,1,1,YES,0,0
AMWO031601,AMWO031601-EPHI-622I-1,Amhara,1,2022,Woreta,1,1,1,1,1,YES,0,0
ET_LT_1001,ET_LT_1001-EPHI-622I-1,SNNP,1,2019,Lante,1,1,1,1,1,YES,0,0
ET_LT_1002,ET_LT_1002-EPHI-622I-1,SNNP,1,2019,Lante,1,1,1,1,1,YES,0,0
ET_LT_1003,ET_LT_1003-EPHI-622I-1,SNNP,1,2019,Lante,1,1,1,1,1,YES,0,0
ET_LT_1004,ET_LT_1004-EPHI-622I-1,SNNP,1,2019,Lante,1,1,1,1,1,YES,0,0
ET_LT_1005,ET_LT_1005-EPHI-622I-1,SNNP,1,2019,Lante,1,1,1,1,1,YES,0,0
ET_LT_1006,ET_LT_1006-EPHI-622I-1,SNNP,1,2019,Lante,1,1,1,1,1,YES,0,0
ET_LT_533,ET_LT_533-EPHI-622I-1,SNNP,1,2019,Lante,1,1,1,1,1,YES,0,0
ET_LT_562,ET_LT_562-EPHI-622I-1,SNNP,1,2019,Lante,1,1,1,1,1,YES,0,0
ET_LT_568,ET_LT_568-EPHI-622I-1,SNNP,1,2019,Lante,1,1,1,1,1,YES,0,0
ET_LT_569,ET_LT_569-EPHI-622I-1,SNNP,1,2019,Lante,1,1,1,1,1,YES,0,0
ET_LT_570,ET_LT_570-EPHI-622I-1,SNNP,1,2019,Lante,1,1,1,1,1,YES,0,0
ET_LT_583,ET_LT_583-EPHI-622I-1,SNNP,1,2019,Lante,1,1,1,1,1,YES,0,0
ET_LT_587,ET_LT_587-EPHI-622I-1,SNNP,1,2019,Lante,1,1,1,1,1,YES,0,0
ET_LT_589,ET_LT_589-EPHI-622I-1,SNNP,1,2019,Lante,1,1,1,1,1,YES,0,0
ET_LT_590,ET_LT_590-EPHI-622I-1,SNNP,1,2019,Lante,1,1,1,1,1,YES,0,0
ET_LT_594,ET_LT_594-EPHI-622I-1,SNNP,1,2019,Lante,1,1,1,1,1,YES,0,0
ET_LT_602,ET_LT_602-EPHI-622I-1,SNNP,1,2019,Lante,1,1,1,1,1,YES,0,0
ET_LT_624,ET_LT_624-EPHI-622I-1,SNNP,1,2019,Lante,1,1,1,1,1,YES,0,0
ET_LT_633,ET_LT_633-EPHI-622I-1,SNNP,1,2019,Lante,1,1,1,1,1,YES,0,0
ET_LT_665,ET_LT_665-EPHI-622I-1,SNNP,1,2019,Lante,1,1,1,1,1,YES,0,0
ET_LT_700,ET_LT_700-EPHI-622I-1,SNNP,1,2019,Lante,1,1,1,1,1,YES,0,0
ET_LT_701,ET_LT_701-EPHI-622I-1,SNNP,1,2019,Lante,1,1,1,1,1,YES,0,0
ET_LT_702,ET_LT_702-EPHI-622I-1,SNNP,1,2019,Lante,1,1,1,1,1,YES,0,0
ET_LT_705,ET_LT_705-EPHI-622I-1,SNNP,1,2019,Lante,1,1,1,1,1,YES,0,0
ET_LT_706,ET_LT_706-EPHI-622I-1,SNNP,1,2019,Lante,1,1,1,1,1,YES,0,0
ET_LT_707,ET_LT_707-EPHI-622I-1,SNNP,1,2019,Lante,1,1,1,1,1,YES,0,0
ET_LT_708,ET_LT_708-EPHI-622I-1,SNNP,1,2019,Lante,1,1,1,1,1,YES,0,0
ET_LT_709,ET_LT_709-EPHI-622I-1,SNNP,1,2019,Lante,1,1,1,1,1,YES,0,0
ET_LT_714,ET_LT_714-EPHI-622I-1,SNNP,1,2019,Lante,1,1,1,1,1,YES,0,0
ET_LT_719,ET_LT_719-EPHI-622I-1,SNNP,1,2019,Lante,1,1,1,1,1,YES,0,0
ET_LT_731,ET_LT_731-EPHI-622I-1,SNNP,1,2019,Lante,1,1,1,1,1,YES,0,0
ET_LT_732,ET_LT_732-EPHI-622I-1,SNNP,1,2019,Lante,1,1,1,1,1,YES,0,0
ET_LT_734,ET_LT_734-EPHI-622I-1,SNNP,1,2019,Lante,1,1,1,1,1,YES,0,0
ET_LT_738,ET_LT_738-EPHI-622I-1,SNNP,1,2019,Lante,1,1,1,1,1,YES,0,0
ET_LT_745,ET_LT_745-EPHI-622I-1,SNNP,1,2019,Lante,1,1,1,1,1,YES,0,0
ET_LT_758,ET_LT_758-EPHI-622I-1,SNNP,1,2019,Lante,1,1,1,1,1,YES,0,0
ET_LT_762,ET_LT_762-EPHI-622I-1,SNNP,1,2019,Lante,1,1,1,1,1,YES,0,0
ET_LT_765,ET_LT_765-EPHI-622I-1,SNNP,1,2019,Lante,1,1,1,1,1,YES,0,0
ET_LT_771,ET_LT_771-EPHI-622I-1,SNNP,1,2019,Lante,1,1,1,1,1,YES,0,0
ET_LT_772,ET_LT_772-EPHI-622I-1,SNNP,1,2019,Lante,1,1,1,1,1,YES,0,0
ET_LT_773,ET_LT_773-EPHI-622I-1,SNNP,1,2019,Lante,1,1,1,1,1,YES,0,0
ET_LT_781,ET_LT_781-EPHI-622I-1,SNNP,1,2019,Lante,1,1,1,1,1,YES,0,0
ET_LT_785,ET_LT_785-EPHI-622I-1,SNNP,1,2019,Lante,1,1,1,1,1,YES,0,0
ET_LT_798,ET_LT_798-EPHI-622I-1,SNNP,1,2019,Lante,1,1,1,1,1,YES,0,0
ET_LT_799,ET_LT_799-EPHI-622I-1,SNNP,1,2019,Lante,1,1,1,1,1,YES,0,0
ET_LT_800,ET_LT_800-EPHI-622I-1,SNNP,1,2019,Lante,1,1,1,1,1,YES,0,0
ET_LT_806,ET_LT_806-EPHI-622I-1,SNNP,1,2019,Lante,1,1,1,1,1,YES,0,0
ET_LT_810,ET_LT_810-EPHI-622I-1,SNNP,1,2019,Lante,1,1,1,1,1,YES,0,0
ET_LT_827,ET_LT_827-EPHI-622I-1,SNNP,1,2019,Lante,1,1,1,1,1,YES,0,0
ET_LT_828,ET_LT_828-EPHI-622I-1,SNNP,1,2019,Lante,1,1,1,1,1,YES,0,0
ET_LT_831,ET_LT_831-EPHI-622I-1,SNNP,1,2019,Lante,1,1,1,1,1,YES,0,0
ET_LT_843,ET_LT_843-EPHI-622I-1,SNNP,1,2019,Lante,1,1,1,1,1,YES,0,0
ET_LT_854,ET_LT_854-EPHI-622I-1,SNNP,1,2019,Lante,1,1,1,1,1,YES,0,0
ET_LT_875,ET_LT_875-EPHI-622I-1,SNNP,1,2019,Lante,1,1,1,1,1,YES,0,0
ET_LT_876,ET_LT_876-EPHI-622I-1,SNNP,1,2019,Lante,1,1,1,1,1,YES,0,0
ET_LT_886,ET_LT_886-EPHI-622I-1,SNNP,1,2019,Lante,1,1,1,1,1,YES,0,0
ET_LT_896,ET_LT_896-EPHI-622I-1,SNNP,1,2019,Lante,1,1,1,1,1,YES,0,0
ET_LT_906,ET_LT_906-EPHI-622I-1,SNNP,1,2019,Lante,1,1,1,1,1,YES,0,0
ET_LT_909,ET_LT_909-EPHI-622I-1,SNNP,1,2019,Lante,1,1,1,1,1,YES,0,0
ET_LT_911,ET_LT_911-EPHI-622I-1,SNNP,1,2019,Lante,1,1,1,1,1,YES,0,0
ET_LT_913,ET_LT_913-EPHI-622I-1,SNNP,1,2019,Lante,1,1,1,1,1,YES,0,0
ET_LT_921,ET_LT_921-EPHI-622I-1,SNNP,1,2019,Lante,1,1,1,1,1,YES,0,0
ET_LT_928,ET_LT_928-EPHI-622I-1,SNNP,1,2019,Lante,1,1,1,1,1,YES,0,0
ET_LT_936,ET_LT_936-EPHI-622I-1,SNNP,1,2019,Lante,1,1,1,1,1,YES,0,0
ET_LT_946,ET_LT_946-EPHI-622I-1,SNNP,1,2019,Lante,1,1,1,1,1,YES,0,0
ET_LT_947,ET_LT_947-EPHI-622I-1,SNNP,1,2019,Lante,1,1,1,1,1,YES,0,0
ET_LT_957,ET_LT_957-EPHI-622I-1,SNNP,1,2019,Lante,1,1,1,1,1,YES,0,0
ET_LT_964,ET_LT_964-EPHI-622I-1,SNNP,1,2019,Lante,1,1,1,1,1,YES,0,0
ET_LT_965,ET_LT_965-EPHI-622I-1,SNNP,1,2019,Lante,1,1,1,1,1,YES,0,0
ET_LT_974,ET_LT_974-EPHI-622I-1,SNNP,1,2019,Lante,1,1,1,1,1,YES,0,0
ET_LT_980,ET_LT_980-EPHI-622I-1,SNNP,1,2019,Lante,1,1,1,1,1,YES,0,0
ET_LT_983,ET_LT_983-EPHI-622I-1,SNNP,1,2019,Lante,1,1,1,1,1,YES,0,0
ET_LT_984,ET_LT_984-EPHI-622I-1,SNNP,1,2019,Lante,1,1,1,1,1,YES,0,0
ET_LT_985,ET_LT_985-EPHI-622I-1,SNNP,1,2019,Lante,1,1,1,1,1,YES,0,0
ET_LT_986,ET_LT_986-EPHI-622I-1,SNNP,1,2019,Lante,1,1,1,1,1,YES,0,0
ET_LT_989,ET_LT_989-EPHI-622I-1,SNNP,1,2019,Lante,1,1,1,1,1,YES,0,0
ET_LT_991,ET_LT_991-EPHI-622I-1,SNNP,1,2019,Lante,1,1,1,1,1,YES,0,0
ET_LT_994,ET_LT_994-EPHI-622I-1,SNNP,1,2019,Lante,1,1,1,1,1,YES,0,0
ET_LT_999,ET_LT_999-EPHI-622I-1,SNNP,1,2019,Lante,1,1,1,1,1,YES,0,0
ET_MT_083,ET_MT_083-EPHI-622I-1,Oromia,1,2019,Metehara,1,1,1,1,1,YES,0,0
ET_MT_194,ET_MT_194-EPHI-622I-1,Oromia,1,2019,Metehara,1,1,1,1,1,YES,0,0
ET_MT_199,ET_MT_199-EPHI-622I-1,Oromia,1,2019,Metehara,1,1,1,1,1,YES,0,0
ET_MT_251,ET_MT_251-EPHI-622I-1,Oromia,1,2019,Metehara,1,1,1,1,1,YES,0,0
ET_MT_255,ET_MT_255-EPHI-622I-1,Oromia,1,2019,Metehara,1,1,1,1,1,YES,0,0
ET_MT_291,ET_MT_291-EPHI-622I-1,Oromia,1,2019,Metehara,1,1,1,1,1,YES,0,0
ET_MT_346,ET_MT_346-EPHI-622I-1,Oromia,1,2019,Metehara,1,1,1,1,1,YES,0,0
ET_MT_350,ET_MT_350-EPHI-622I-1,Oromia,1,2019,Metehara,1,1,1,1,1,YES,0,0
ET_MT_377,ET_MT_377-EPHI-622I-1,Oromia,1,2019,Metehara,1,1,1,1,1,YES,0,0
ET_MT_390,ET_MT_390-EPHI-622I-1,Oromia,1,2019,Metehara,1,1,1,1,1,YES,0,0
ET_MT_408,ET_MT_408-EPHI-622I-1,Oromia,1,2019,Metehara,1,1,1,1,1,YES,0,0
ET_MT_422,ET_MT_422-EPHI-622I-1,Oromia,1,2019,Metehara,1,1,1,1,1,YES,0,0
ET_MT_423,ET_MT_423-EPHI-622I-1,Oromia,1,2019,Metehara,1,1,1,1,1,YES,0,0
ET_MT_427,ET_MT_427-EPHI-622I-1,Oromia,1,2019,Metehara,1,1,1,1,1,YES,0,0
ET_MT_428,ET_MT_428-EPHI-622I-1,Oromia,1,2019,Metehara,1,1,1,1,1,YES,0,0
ET_MT_430,ET_MT_430-EPHI-622I-1,Oromia,1,2019,Metehara,1,1,1,1,1,YES,0,0
ET_MT_467,ET_MT_467-EPHI-622I-1,Oromia,1,2019,Metehara,1,1,1,1,1,YES,0,0
ET_MT_468,ET_MT_468-EPHI-622I-1,Oromia,1,2019,Metehara,1,1,1,1,1,YES,0,0
ET_MT_470,ET_MT_470-EPHI-622I-1,Oromia,1,2019,Metehara,1,1,1,1,1,YES,0,0
ET_MT_471,ET_MT_471-EPHI-622I-1,Oromia,1,2019,Metehara,1,1,1,1,1,YES,0,0
ET_MT_475,ET_MT_475-EPHI-622I-1,Oromia,1,2019,Metehara,1,1,1,1,1,YES,0,0
ET_MT_476,ET_MT_476-EPHI-622I-1,Oromia,1,2019,Metehara,1,1,1,1,1,YES,0,0
ET_MT_478,ET_MT_478-EPHI-622I-1,Oromia,1,2019,Metehara,1,1,1,1,1,YES,0,0
ET_MT_479,ET_MT_479-EPHI-622I-1,Oromia,1,2019,Metehara,1,1,1,1,1,YES,0,0
ET_MT_480,ET_MT_480-EPHI-622I-1,Oromia,1,2019,Metehara,1,1,1,1,1,YES,0,0
ET_MT_482,ET_MT_482-EPHI-622I-1,Oromia,1,2019,Metehara,1,1,1,1,1,YES,0,0
ET_MT_500,ET_MT_500-EPHI-622I-1,Oromia,1,2019,Metehara,1,1,1,1,1,YES,0,0
ET_MT_516,ET_MT_516-EPHI-622I-1,Oromia,1,2019,Metehara,1,1,1,1,1,YES,0,0
ET_MT_517,ET_MT_517-EPHI-622I-1,Oromia,1,2019,Metehara,1,1,1,1,1,YES,0,0
ET_MT_518,ET_MT_518-EPHI-622I-1,Oromia,1,2019,Metehara,1,1,1,1,1,YES,0,0
ET_MT_520,ET_MT_520-EPHI-622I-1,Oromia,1,2019,Metehara,1,1,1,1,1,YES,0,0
ET_MT_521,ET_MT_521-EPHI-622I-1,Oromia,1,2019,Metehara,1,1,1,1,1,YES,0,0
ET_MT_522,ET_MT_522-EPHI-622I-1,Oromia,1,2019,Metehara,1,1,1,1,1,YES,0,0
ET_MT_523,ET_MT_523-EPHI-622I-1,Oromia,1,2019,Metehara,1,1,1,1,1,YES,0,0
ET_MT_534,ET_MT_534-EPHI-622I-1,Oromia,1,2019,Metehara,1,1,1,1,1,YES,0,0
ET_MT_535,ET_MT_535-EPHI-622I-1,Oromia,1,2019,Metehara,1,1,1,1,1,YES,0,0
ET_MT_537,ET_MT_537-EPHI-622I-1,Oromia,1,2019,Metehara,1,1,1,1,1,YES,0,0
ET_MT_539,ET_MT_539-EPHI-622I-1,Oromia,1,2019,Metehara,1,1,1,1,1,YES,0,0
ET_MT_540,ET_MT_540-EPHI-622I-1,Oromia,1,2019,Metehara,1,1,1,1,1,YES,0,0
ET_MT_542,ET_MT_542-EPHI-622I-1,Oromia,1,2019,Metehara,1,1,1,1,1,YES,0,0
ET_MT_546,ET_MT_546-EPHI-622I-1,Oromia,1,2019,Metehara,1,1,1,1,1,YES,0,0
ET_MT_547,ET_MT_547-EPHI-622I-1,Oromia,1,2019,Metehara,1,1,1,1,1,YES,0,0
ET_MT_548,ET_MT_548-EPHI-622I-1,Oromia,1,2019,Metehara,1,1,1,1,1,YES,0,0
ET_MT_549,ET_MT_549-EPHI-622I-1,Oromia,1,2019,Metehara,1,1,1,1,1,YES,0,0
ET_MT_550,ET_MT_550-EPHI-622I-1,Oromia,1,2019,Metehara,1,1,1,1,1,YES,0,0
ET_MT_559,ET_MT_559-EPHI-622I-1,Oromia,1,2019,Metehara,1,1,1,1,1,YES,0,0
ET_MT_560,ET_MT_560-EPHI-622I-1,Oromia,1,2019,Metehara,1,1,1,1,1,YES,0,0
ET_MT_561,ET_MT_561-EPHI-622I-1,Oromia,1,2019,Metehara,1,1,1,1,1,YES,0,0
ET_MT_562,ET_MT_562-EPHI-622I-1,Oromia,1,2019,Metehara,1,1,1,1,1,YES,0,0
ET_MT_565,ET_MT_565-EPHI-622I-1,Oromia,1,2019,Metehara,1,1,1,1,1,YES,0,0
ET_MT_566,ET_MT_566-EPHI-622I-1,Oromia,1,2019,Metehara,1,1,1,1,1,YES,0,0
ET_MT_570,ET_MT_570-EPHI-622I-1,Oromia,1,2019,Metehara,1,1,1,1,1,YES,0,0
ET_MT_575,ET_MT_575-EPHI-622I-1,Oromia,1,2019,Metehara,1,1,1,1,1,YES,0,0
ET_SL_1030,ET_SL_1030-EPHI-622I-1,SNNP,1,2019,Shile,1,1,1,1,1,YES,0,0
ET_SL_1034,ET_SL_1034-EPHI-622I-1,SNNP,1,2019,Shile,1,1,1,1,1,YES,0,0
ET_SL_1039,ET_SL_1039-EPHI-622I-1,SNNP,1,2019,Shile,1,1,1,1,1,YES,0,0
ET_SL_1045,ET_SL_1045-EPHI-622I-1,SNNP,1,2019,Shile,1,1,1,1,1,YES,0,0
ET_SL_1068,ET_SL_1068-EPHI-622I-1,SNNP,1,2019,Shile,1,1,1,1,1,YES,0,0
ET_SL_1109,ET_SL_1109-EPHI-622I-1,SNNP,1,2019,Shile,1,1,1,1,1,YES,0,0
ET_SL_1118,ET_SL_1118-EPHI-622I-1,SNNP,1,2019,Shile,1,1,1,1,1,YES,0,0
ET_SL_1119,ET_SL_1119-EPHI-622I-1,SNNP,1,2019,Shile,1,1,1,1,1,YES,0,0
ET_SL_1138,ET_SL_1138-EPHI-622I-1,SNNP,1,2019,Shile,1,1,1,1,1,YES,0,0
ET_SL_1148,ET_SL_1148-EPHI-622I-1,SNNP,1,2019,Shile,1,1,1,1,1,YES,0,0
ET_SL_1150,ET_SL_1150-EPHI-622I-1,SNNP,1,2019,Shile,1,1,1,1,1,YES,0,0
ET_SL_1159,ET_SL_1159-EPHI-622I-1,SNNP,1,2019,Shile,1,1,1,1,1,YES,0,0
ET_SL_1166,ET_SL_1166-EPHI-622I-1,SNNP,1,2019,Shile,1,1,1,1,1,YES,0,0
ET_SL_1185,ET_SL_1185-EPHI-622I-1,SNNP,1,2019,Shile,1,1,1,1,1,YES,0,0
ET_SL_1200,ET_SL_1200-EPHI-622I-1,SNNP,1,2019,Shile,1,1,1,1,1,YES,0,0
ET_SL_1211,ET_SL_1211-EPHI-622I-1,SNNP,1,2019,Shile,1,1,1,1,1,YES,0,0
ET_SL_1227,ET_SL_1227-EPHI-622I-1,SNNP,1,2019,Shile,1,1,1,1,1,YES,0,0
ET_SL_1233,ET_SL_1233-EPHI-622I-1,SNNP,1,2019,Shile,1,1,1,1,1,YES,0,0
ET_SL_1257,ET_SL_1257-EPHI-622I-1,SNNP,1,2019,Shile,1,1,1,1,1,YES,0,0
ET_SL_1262,ET_SL_1262-EPHI-622I-1,SNNP,1,2019,Shile,1,1,1,1,1,YES,0,0
ET_SL_1279,ET_SL_1279-EPHI-622I-1,SNNP,1,2019,Shile,1,1,1,1,1,YES,0,0
ET_SL_1319,ET_SL_1319-EPHI-622I-1,SNNP,1,2019,Shile,1,1,1,1,1,YES,0,0
ET_SL_1322,ET_SL_1322-EPHI-622I-1,SNNP,1,2019,Shile,1,1,1,1,1,YES,0,0
ET_SL_1324,ET_SL_1324-EPHI-622I-1,SNNP,1,2019,Shile,1,1,1,1,1,YES,0,0
ET_SL_1401,ET_SL_1401-EPHI-622I-1,SNNP,1,2019,Shile,1,1,1,1,1,YES,0,0
ET_SL_1406,ET_SL_1406-EPHI-622I-1,SNNP,1,2019,Shile,1,1,1,1,1,YES,0,0
ET_SL_1409,ET_SL_1409-EPHI-622I-1,SNNP,1,2019,Shile,1,1,1,1,1,YES,0,0
ET_SL_1411,ET_SL_1411-EPHI-622I-1,SNNP,1,2019,Shile,1,1,1,1,1,YES,0,0
ET_SL_1455,ET_SL_1455-EPHI-622I-1,SNNP,1,2019,Shile,1,1,1,1,1,YES,0,0
ET_SL_1458,ET_SL_1458-EPHI-622I-1,SNNP,1,2019,Shile,1,1,1,1,1,YES,0,0
ET_SL_1459,ET_SL_1459-EPHI-622I-1,SNNP,1,2019,Shile,1,1,1,1,1,YES,0,0
ET_SL_1460,ET_SL_1460-EPHI-622I-1,SNNP,1,2019,Shile,1,1,1,1,1,YES,0,0
ET_SL_1461,ET_SL_1461-EPHI-622I-1,SNNP,1,2019,Shile,1,1,1,1,1,YES,0,0
ET_SL_1462,ET_SL_1462-EPHI-622I-1,SNNP,1,2019,Shile,1,1,1,1,1,YES,0,0
ET_SL_1463,ET_SL_1463-EPHI-622I-1,SNNP,1,2019,Shile,1,1,1,1,1,YES,0,0
ET_SL_1464,ET_SL_1464-EPHI-622I-1,SNNP,1,2019,Shile,1,1,1,1,1,YES,0,0
ET_SL_1466,ET_SL_1466-EPHI-622I-1,SNNP,1,2019,Shile,1,1,1,1,1,YES,0,0
ET_SL_1469,ET_SL_1469-EPHI-622I-1,SNNP,1,2019,Shile,1,1,1,1,1,YES,0,0
ET_SL_1470,ET_SL_1470-EPHI-622I-1,SNNP,1,2019,Shile,1,1,1,1,1,YES,0,0
ET_SL_1471,ET_SL_1471-EPHI-622I-1,SNNP,1,2019,Shile,1,1,1,1,1,YES,0,0
ET_SL_1472,ET_SL_1472-EPHI-622I-1,SNNP,1,2019,Shile,1,1,1,1,1,YES,0,0
ET_SL_1473,ET_SL_1473-EPHI-622I-1,SNNP,1,2019,Shile,1,1,1,1,1,YES,0,0
ET_SL_1474,ET_SL_1474-EPHI-622I-1,SNNP,1,2019,Shile,1,1,1,1,1,YES,0,0
ET_SL_1475,ET_SL_1475-EPHI-622I-1,SNNP,1,2019,Shile,1,1,1,1,1,YES,0,0
ET_SL_1476,ET_SL_1476-EPHI-622I-1,SNNP,1,2019,Shile,1,1,1,1,1,YES,0,0
ET_SL_1477,ET_SL_1477-EPHI-622I-1,SNNP,1,2019,Shile,1,1,1,1,1,YES,0,0
ET_SL_1478,ET_SL_1478-EPHI-622I-1,SNNP,1,2019,Shile,1,1,1,1,1,YES,0,0
ET_SL_1479,ET_SL_1479-EPHI-622I-1,SNNP,1,2019,Shile,1,1,1,1,1,YES,0,0
ET_SL_1480,ET_SL_1480-EPHI-622I-1,SNNP,1,2019,Shile,1,1,1,1,1,YES,0,0
ET_SL_1481,ET_SL_1481-EPHI-622I-1,SNNP,1,2019,Shile,1,1,1,1,1,YES,0,0
ET_SL_1482,ET_SL_1482-EPHI-622I-1,SNNP,1,2019,Shile,1,1,1,1,1,YES,0,0
ET_SL_1483,ET_SL_1483-EPHI-622I-1,SNNP,1,2019,Shile,1,1,1,1,1,YES,0,0
ET_SL_1484,ET_SL_1484-EPHI-622I-1,SNNP,1,2019,Shile,1,1,1,1,1,YES,0,0
ET_SL_1486,ET_SL_1486-EPHI-622I-1,SNNP,1,2019,Shile,1,1,1,1,1,YES,0,0
ET_SL_1487,ET_SL_1487-EPHI-622I-1,SNNP,1,2019,Shile,1,1,1,1,1,YES,0,0
ET_SL_1488,ET_SL_1488-EPHI-622I-1,SNNP,1,2019,Shile,1,1,1,1,1,YES,0,0
ET_SL_1491,ET_SL_1491-EPHI-622I-1,SNNP,1,2019,Shile,1,1,1,1,1,YES,0,0
ET_SL_1494,ET_SL_1494-EPHI-622I-1,SNNP,1,2019,Shile,1,1,1,1,1,YES,0,0
ET_SL_1495,ET_SL_1495-EPHI-622I-1,SNNP,1,2019,Shile,1,1,1,1,1,YES,0,0
ET_SL_1496,ET_SL_1496-EPHI-622I-1,SNNP,1,2019,Shile,1,1,1,1,1,YES,0,0
ET_SL_1497,ET_SL_1497-EPHI-622I-1,SNNP,1,2019,Shile,1,1,1,1,1,YES,0,0
ET_SL_1498,ET_SL_1498-EPHI-622I-1,SNNP,1,2019,Shile,1,1,1,1,1,YES,0,0
ET_SL_1499,ET_SL_1499-EPHI-622I-1,SNNP,1,2019,Shile,1,1,1,1,1,YES,0,0
ET_SL_1500,ET_SL_1500-EPHI-622I-1,SNNP,1,2019,Shile,1,1,1,1,1,YES,0,0
ET_SL_1501,ET_SL_1501-EPHI-622I-1,SNNP,1,2019,Shile,1,1,1,1,1,YES,0,0
ET_SL_1502,ET_SL_1502-EPHI-622I-1,SNNP,1,2019,Shile,1,1,1,1,1,YES,0,0
ET_SL_1503,ET_SL_1503-EPHI-622I-1,SNNP,1,2019,Shile,1,1,1,1,1,YES,0,0
ET_SL_1504,ET_SL_1504-EPHI-622I-1,SNNP,1,2019,Shile,1,1,1,1,1,YES,0,0
ET_SL_1505,ET_SL_1505-EPHI-622I-1,SNNP,1,2019,Shile,1,1,1,1,1,YES,0,0
ET_SL_1506,ET_SL_1506-EPHI-622I-1,SNNP,1,2019,Shile,1,1,1,1,1,YES,0,0
ET_SL_1507,ET_SL_1507-EPHI-622I-1,SNNP,1,2019,Shile,1,1,1,1,1,YES,0,0
ET_SL_1508,ET_SL_1508-EPHI-622I-1,SNNP,1,2019,Shile,1,1,1,1,1,YES,0,0
ET_SL_1509,ET_SL_1509-EPHI-622I-1,SNNP,1,2019,Shile,1,1,1,1,1,YES,0,0
ET_SL_1510,ET_SL_1510-EPHI-622I-1,SNNP,1,2019,Shile,1,1,1,1,1,YES,0,0
ET_SL_1511,ET_SL_1511-EPHI-622I-1,SNNP,1,2019,Shile,1,1,1,1,1,YES,0,0
ET_SL_1512,ET_SL_1512-EPHI-622I-1,SNNP,1,2019,Shile,1,1,1,1,1,YES,0,0
GAAB092413,GAAB092413-EPHI-622I-1,Gambela,1,2022,Abol,1,1,1,1,1,YES,0,0
GAAB092440,GAAB092440-EPHI-622I-1,Gambela,1,2022,Abol,1,1,1,1,1,YES,0,0
GAAB092441,GAAB092441-EPHI-622I-1,Gambela,1,2022,Abol,1,1,1,1,1,YES,0,0
GAAB092446,GAAB092446-EPHI-622I-1,Gambela,1,2022,Abol,1,1,1,1,1,YES,0,0
GAAB092480,GAAB092480-EPHI-622I-1,Gambela,1,2022,Abol,1,1,1,1,1,YES,0,0
GAAB092496,GAAB092496-EPHI-622I-1,Gambela,1,2022,Abol,1,1,1,1,1,YES,0,0
GAAB092505,GAAB092505-EPHI-622I-1,Gambela,1,2022,Abol,1,1,1,1,1,YES,0,0
GAAB092509,GAAB092509-EPHI-622I-1,Gambela,1,2022,Abol,1,1,1,1,1,YES,0,0
GAAB092532,GAAB092532-EPHI-622I-1,Gambela,1,2022,Abol,1,1,1,1,1,YES,0,0
GAAB092542,GAAB092542-EPHI-622I-1,Gambela,1,2022,Abol,1,1,1,1,1,YES,0,0
GAAB092548,GAAB092548-EPHI-622I-1,Gambela,1,2022,Abol,1,1,1,1,1,YES,0,0
ORAS040001,ORAS040001-EPHI-622I-1,Oromia,1,2022,Asendabo,1,1,1,1,1,YES,0,0
ORAS040002,ORAS040002-EPHI-622I-1,Oromia,1,2022,Asendabo,1,1,1,1,1,YES,0,0
ORAS040003,ORAS040003-EPHI-622I-1,Oromia,1,2022,Asendabo,1,1,1,1,1,YES,0,0
ORAS040004,ORAS040004-EPHI-622I-1,Oromia,1,2022,Asendabo,1,1,1,1,1,YES,0,0
ORAS040006,ORAS040006-EPHI-622I-1,Oromia,1,2022,Asendabo,1,1,1,1,1,YES,0,0
ORAS040007,ORAS040007-EPHI-622I-1,Oromia,1,2022,Asendabo,1,1,1,1,1,YES,0,0
ORAS040010,ORAS040010-EPHI-622I-1,Oromia,1,2022,Asendabo,1,1,1,1,1,YES,0,0
ORAS040011,ORAS040011-EPHI-622I-1,Oromia,1,2022,Asendabo,1,1,1,1,1,YES,0,0
ORAS040013,ORAS040013-EPHI-622I-1,Oromia,1,2022,Asendabo,1,1,1,1,1,YES,0,0
ORAS040014,ORAS040014-EPHI-622I-1,Oromia,1,2022,Asendabo,1,1,1,1,1,YES,0,0
ORAS040015,ORAS040015-EPHI-622I-1,Oromia,1,2022,Asendabo,1,1,1,1,1,YES,0,0
ORAS040016,ORAS040016-EPHI-622I-1,Oromia,1,2022,Asendabo,1,1,1,1,1,YES,0,0
ORAS040017,ORAS040017-EPHI-622I-1,Oromia,1,2022,Asendabo,1,1,1,1,1,YES,0,0
ORAS040018,ORAS040018-EPHI-622I-1,Oromia,1,2022,Asendabo,1,1,1,1,1,YES,0,0
ORAS040019,ORAS040019-EPHI-622I-1,Oromia,1,2022,Asendabo,1,1,1,1,1,YES,0,0
ORAS040020,ORAS040020-EPHI-622I-1,Oromia,1,2022,Asendabo,1,1,1,1,1,YES,0,0
ORAS040021,ORAS040021-EPHI-622I-1,Oromia,1,2022,Asendabo,1,1,1,1,1,YES,0,0
ORAS040022,ORAS040022-EPHI-622I-1,Oromia,1,2022,Asendabo,1,1,1,1,1,YES,0,0
ORAS040023,ORAS040023-EPHI-622I-1,Oromia,1,2022,Asendabo,1,1,1,1,1,YES,0,0
ORAS040026,ORAS040026-EPHI-622I-1,Oromia,1,2022,Asendabo,1,1,1,1,1,YES,0,0
ORAS040027,ORAS040027-EPHI-622I-1,Oromia,1,2022,Asendabo,1,1,1,1,1,YES,0,0
ORAS040028,ORAS040028-EPHI-622I-1,Oromia,1,2022,Asendabo,1,1,1,1,1,YES,0,0
ORAS040029,ORAS040029-EPHI-622I-1,Oromia,1,2022,Asendabo,1,1,1,1,1,YES,0,0
ORAS040031,ORAS040031-EPHI-622I-1,Oromia,1,2022,Asendabo,1,1,1,1,1,YES,0,0
ORAS040032,ORAS040032-EPHI-622I-1,Oromia,1,2022,Asendabo,1,1,1,1,1,YES,0,0
ORBA040301,ORBA040301-EPHI-622I-1,Oromia,1,2022,Batu,1,1,1,1,1,YES,0,0
ORBA040302,ORBA040302-EPHI-622I-1,Oromia,1,2022,Batu,1,1,1,1,1,YES,0,0
ORBA040303,ORBA040303-EPHI-622I-1,Oromia,1,2022,Batu,1,1,1,1,1,YES,0,0
ORBA040304,ORBA040304-EPHI-622I-1,Oromia,1,2022,Batu,1,1,1,1,1,YES,0,0
ORBA040305,ORBA040305-EPHI-622I-1,Oromia,1,2022,Batu,1,1,1,1,1,YES,0,0
ORBA040306,ORBA040306-EPHI-622I-1,Oromia,1,2022,Batu,1,1,1,1,1,YES,0,0
ORBA040307,ORBA040307-EPHI-622I-1,Oromia,1,2022,Batu,1,1,1,1,1,YES,0,0
ORBA040308,ORBA040308-EPHI-622I-1,Oromia,1,2022,Batu,1,1,1,1,1,YES,0,0
ORBA040309,ORBA040309-EPHI-622I-1,Oromia,1,2022,Batu,1,1,1,1,1,YES,0,0
ORBA040310,ORBA040310-EPHI-622I-1,Oromia,1,2022,Batu,1,1,1,1,1,YES,0,0
ORBA040311,ORBA040311-EPHI-622I-1,Oromia,1,2022,Batu,1,1,1,1,1,YES,0,0
ORBA040312,ORBA040312-EPHI-622I-1,Oromia,1,2022,Batu,1,1,1,1,1,YES,0,0
ORBA040313,ORBA040313-EPHI-622I-1,Oromia,1,2022,Batu,1,1,1,1,1,YES,0,0
ORBA040314,ORBA040314-EPHI-622I-1,Oromia,1,2022,Batu,1,1,1,1,1,YES,0,0
ORBA040316,ORBA040316-EPHI-622I-1,Oromia,1,2022,Batu,1,1,1,1,1,YES,0,0
ORBA040317,ORBA040317-EPHI-622I-1,Oromia,1,2022,Batu,1,1,1,1,1,YES,0,0
ORBA040319,ORBA040319-EPHI-622I-1,Oromia,1,2022,Batu,1,1,1,1,1,YES,0,0
ORBA040322,ORBA040322-EPHI-622I-1,Oromia,1,2022,Batu,1,1,1,1,1,YES,0,0
ORBA040323,ORBA040323-EPHI-622I-1,Oromia,1,2022,Batu,1,1,1,1,1,YES,0,0
ORBA040324,ORBA040324-EPHI-622I-1,Oromia,1,2022,Batu,1,1,1,1,1,YES,0,0
ORBA040326,ORBA040326-EPHI-622I-1,Oromia,1,2022,Batu,1,1,1,1,1,YES,0,0
ORBA040327,ORBA040327-EPHI-622I-1,Oromia,1,2022,Batu,1,1,1,1,1,YES,0,0
ORBA040331,ORBA040331-EPHI-622I-1,Oromia,1,2023,Batu,1,1,1,1,1,YES,0,0
ORBA040332,ORBA040332-EPHI-622I-1,Oromia,1,2023,Batu,1,1,1,1,1,YES,0,0
ORBA040333,ORBA040333-EPHI-622I-1,Oromia,1,2023,Batu,1,1,1,1,1,YES,0,0
ORBA040334,ORBA040334-EPHI-622I-1,Oromia,1,2023,Batu,1,1,1,1,1,YES,0,0
ORBA040337,ORBA040337-EPHI-622I-1,Oromia,1,2023,Batu,1,1,1,1,1,YES,0,0
ORBA040338,ORBA040338-EPHI-622I-1,Oromia,1,2023,Batu,1,1,1,1,1,YES,0,0
ORME040602,ORME040602-EPHI-622I-1,Oromia,1,2022,Metehara,1,1,1,1,1,YES,0,0
ORME040603,ORME040603-EPHI-622I-1,Oromia,1,2022,Metehara,1,1,1,1,1,YES,0,0
ORME040605,ORME040605-EPHI-622I-1,Oromia,1,2022,Metehara,1,1,1,1,1,YES,0,0
ORME040608,ORME040608-EPHI-622I-1,Oromia,1,2022,Metehara,1,1,1,1,1,YES,0,0
ORME040609,ORME040609-EPHI-622I-1,Oromia,1,2022,Metehara,1,1,1,1,1,YES,0,0
ORME040610,ORME040610-EPHI-622I-1,Oromia,1,2022,Metehara,1,1,1,1,1,YES,0,0
ORME040611,ORME040611-EPHI-622I-1,Oromia,1,2022,Metehara,1,1,1,1,1,YES,0,0
ORME040612,ORME040612-EPHI-622I-1,Oromia,1,2022,Metehara,1,1,1,1,1,YES,0,0
ORME040619,ORME040619-EPHI-622I-1,Oromia,1,2022,Metehara,1,1,1,1,1,YES,0,0
ORME040620,ORME040620-EPHI-622I-1,Oromia,1,2022,Metehara,1,1,1,1,1,YES,0,0
ORME040621,ORME040621-EPHI-622I-1,Oromia,1,2022,Metehara,1,1,1,1,1,YES,0,0
ORME040622,ORME040622-EPHI-622I-1,Oromia,1,2022,Metehara,1,1,1,1,1,YES,0,0
ORME040623,ORME040623-EPHI-622I-1,Oromia,1,2022,Metehara,1,1,1,1,1,YES,0,0
ORME040624,ORME040624-EPHI-622I-1,Oromia,1,2022,Metehara,1,1,1,1,1,YES,0,0
ORME040625,ORME040625-EPHI-622I-1,Oromia,1,2022,Metehara,1,1,1,1,1,YES,0,0
ORME040626,ORME040626-EPHI-622I-1,Oromia,1,2022,Metehara,1,1,1,1,1,YES,0,0
ORME040627,ORME040627-EPHI-622I-1,Oromia,1,2022,Metehara,1,1,1,1,1,YES,0,0
ORME040628,ORME040628-EPHI-622I-1,Oromia,1,2022,Metehara,1,1,1,1,1,YES,0,0
ORME040630,ORME040630-EPHI-622I-1,Oromia,1,2022,Metehara,1,1,1,1,1,YES,0,0
ORME040633,ORME040633-EPHI-622I-1,Oromia,1,2022,Metehara,1,1,1,1,1,YES,0,0
ORME040634,ORME040634-EPHI-622I-1,Oromia,1,2022,Metehara,1,1,1,1,1,YES,0,0
ORME040635,ORME040635-EPHI-622I-1,Oromia,1,2022,Metehara,1,1,1,1,1,YES,0,0
ORME040638,ORME040638-EPHI-622I-1,Oromia,1,2022,Metehara,1,1,1,1,1,YES,0,0
ORME040639,ORME040639-EPHI-622I-1,Oromia,1,2022,Metehara,1,1,1,1,1,YES,0,0
ORME040640,ORME040640-EPHI-622I-1,Oromia,1,2022,Metehara,1,1,1,1,1,YES,0,0
ORME040641,ORME040641-EPHI-622I-1,Oromia,1,2022,Metehara,1,1,1,1,1,YES,0,0
ORME040644,ORME040644-EPHI-622I-1,Oromia,1,2022,Metehara,1,1,1,1,1,YES,0,0
ORME040645,ORME040645-EPHI-622I-1,Oromia,1,2022,Metehara,1,1,1,1,1,YES,0,0
ORME040646,ORME040646-EPHI-622I-1,Oromia,1,2022,Metehara,1,1,1,1,1,YES,0,0
ORME040648,ORME040648-EPHI-622I-1,Oromia,1,2022,Metehara,1,1,1,1,1,YES,0,0
ORME040649,ORME040649-EPHI-622I-1,Oromia,1,2022,Metehara,1,1,1,1,1,YES,0,0
ORME040650,ORME040650-EPHI-622I-1,Oromia,1,2022,Metehara,1,1,1,1,1,YES,0,0
ORME040651,ORME040651-EPHI-622I-1,Oromia,1,2022,Metehara,1,1,1,1,1,YES,0,0
ORME040653,ORME040653-EPHI-622I-1,Oromia,1,2022,Metehara,1,1,1,1,1,YES,0,0
ORME040655,ORME040655-EPHI-622I-1,Oromia,1,2022,Metehara,1,1,1,1,1,YES,0,0
ORME040657,ORME040657-EPHI-622I-1,Oromia,1,2022,Metehara,1,1,1,1,1,YES,0,0
ORME040658,ORME040658-EPHI-622I-1,Oromia,1,2022,Metehara,1,1,1,1,1,YES,0,0
ORME040659,ORME040659-EPHI-622I-1,Oromia,1,2022,Metehara,1,1,1,1,1,YES,0,0
ORME040660,ORME040660-EPHI-622I-1,Oromia,1,2022,Metehara,1,1,1,1,1,YES,0,0
ORME040661,ORME040661-EPHI-622I-1,Oromia,1,2022,Metehara,1,1,1,1,1,YES,0,0
ORME040662,ORME040662-EPHI-622I-1,Oromia,1,2022,Metehara,1,1,1,1,1,YES,0,0
ORME040663,ORME040663-EPHI-622I-1,Oromia,1,2022,Metehara,1,1,1,1,1,YES,0,0
ORME040664,ORME040664-EPHI-622I-1,Oromia,1,2022,Metehara,1,1,1,1,1,YES,0,0
ORME040665,ORME040665-EPHI-622I-1,Oromia,1,2022,Metehara,1,1,1,1,1,YES,0,0
ORME040666,ORME040666-EPHI-622I-1,Oromia,1,2022,Metehara,1,1,1,1,1,YES,0,0
ORME040667,ORME040667-EPHI-622I-1,Oromia,1,2022,Metehara,1,1,1,1,1,YES,0,0
ORME040668,ORME040668-EPHI-622I-1,Oromia,1,2022,Metehara,1,1,1,1,1,YES,0,0
ORME040669,ORME040669-EPHI-622I-1,Oromia,1,2022,Metehara,1,1,1,1,1,YES,0,0
ORME040670,ORME040670-EPHI-622I-1,Oromia,1,2022,Metehara,1,1,1,1,1,YES,0,0
ORME040671,ORME040671-EPHI-622I-1,Oromia,1,2022,Metehara,1,1,1,1,1,YES,0,0
ORME040673,ORME040673-EPHI-622I-1,Oromia,1,2022,Metehara,1,1,1,1,1,YES,0,0
ORME040674,ORME040674-EPHI-622I-1,Oromia,1,2022,Metehara,1,1,1,1,1,YES,0,0
ORME040677,ORME040677-EPHI-622I-1,Oromia,1,2022,Metehara,1,1,1,1,1,YES,0,0
ORME040680,ORME040680-EPHI-622I-1,Oromia,1,2022,Metehara,1,1,1,1,1,YES,0,0
ORME040681,ORME040681-EPHI-622I-1,Oromia,1,2022,Metehara,1,1,1,1,1,YES,0,0
ORME040683,ORME040683-EPHI-622I-1,Oromia,1,2022,Metehara,1,1,1,1,1,YES,0,0
ORME040684,ORME040684-EPHI-622I-1,Oromia,1,2022,Metehara,1,1,1,1,1,YES,0,0
ORME040685,ORME040685-EPHI-622I-1,Oromia,1,2022,Metehara,1,1,1,1,1,YES,0,0
ORME040686,ORME040686-EPHI-622I-1,Oromia,1,2022,Metehara,1,1,1,1,1,YES,0,0
ORME040687,ORME040687-EPHI-622I-1,Oromia,1,2022,Metehara,1,1,1,1,1,YES,0,0
ORME040688,ORME040688-EPHI-622I-1,Oromia,1,2022,Metehara,1,1,1,1,1,YES,0,0
ORME040689,ORME040689-EPHI-622I-1,Oromia,1,2022,Metehara,1,1,1,1,1,YES,0,0
ORME040690,ORME040690-EPHI-622I-1,Oromia,1,2022,Metehara,1,1,1,1,1,YES,0,0
ORME040691,ORME040691-EPHI-622I-1,Oromia,1,2022,Metehara,1,1,1,1,1,YES,0,0
ORME040693,ORME040693-EPHI-622I-1,Oromia,1,2022,Metehara,1,1,1,1,1,YES,0,0
ORME040694,ORME040694-EPHI-622I-1,Oromia,1,2022,Metehara,1,1,1,1,1,YES,0,0
ORME040695,ORME040695-EPHI-622I-1,Oromia,1,2022,Metehara,1,1,1,1,1,YES,0,0
ORME040697,ORME040697-EPHI-622I-1,Oromia,1,2022,Metehara,1,1,1,1,1,YES,0,0
ORME040699,ORME040699-EPHI-622I-1,Oromia,1,2022,Metehara,1,1,1,1,1,YES,0,0
SNSE072101,SNSE072101-EPHI-622I-1,SNNP,1,2022,Secha,1,1,1,1,1,YES,0,0
SNSE072103,SNSE072103-EPHI-622I-1,SNNP,1,2022,Secha,1,1,1,1,1,YES,0,0
SNSE072104,SNSE072104-EPHI-622I-1,SNNP,1,2022,Secha,1,1,1,1,1,YES,0,0
SNSE072106,SNSE072106-EPHI-622I-1,SNNP,1,2022,Secha,1,1,1,1,1,YES,0,0
SNSE072107,SNSE072107-EPHI-622I-1,SNNP,1,2022,Secha,1,1,1,1,1,YES,0,0
SNSE072108,SNSE072108-EPHI-622I-1,SNNP,1,2022,Secha,1,1,1,1,1,YES,0,0
SNSE072110,SNSE072110-EPHI-622I-1,SNNP,1,2022,Secha,1,1,1,1,1,YES,0,0
SNSE072111,SNSE072111-EPHI-622I-1,SNNP,1,2022,Secha,1,1,1,1,1,YES,0,0
SNSE072112,SNSE072112-EPHI-622I-1,SNNP,1,2022,Secha,1,1,1,1,1,YES,0,0
SNSE072113,SNSE072113-EPHI-622I-1,SNNP,1,2022,Secha,1,1,1,1,1,YES,0,0
SNSE072114,SNSE072114-EPHI-622I-1,SNNP,1,2022,Secha,1,1,1,1,1,YES,0,0
SNSE072117,SNSE072117-EPHI-622I-1,SNNP,1,2022,Secha,1,1,1,1,1,YES,0,0
SNSE072119,SNSE072119-EPHI-622I-1,SNNP,1,2022,Secha,1,1,1,1,1,YES,0,0
SNSE072120,SNSE072120-EPHI-622I-1,SNNP,1,2022,Secha,1,1,1,1,1,YES,0,0
SNSE072121,SNSE072121-EPHI-622I-1,SNNP,1,2022,Secha,1,1,1,1,1,YES,0,0
SNSE072122,SNSE072122-EPHI-622I-1,SNNP,1,2022,Secha,1,1,1,1,1,YES,0,0
SNSE072124,SNSE072124-EPHI-622I-1,SNNP,1,2022,Secha,1,1,1,1,1,YES,0,0
SNSE072125,SNSE072125-EPHI-622I-1,SNNP,1,2022,Secha,1,1,1,1,1,YES,0,0
SNSE072127,SNSE072127-EPHI-622I-1,SNNP,1,2022,Secha,1,1,1,1,1,YES,0,0
SNSE072128,SNSE072128-EPHI-622I-1,SNNP,1,2022,Secha,1,1,1,1,1,YES,0,0
SNSE072129,SNSE072129-EPHI-622I-1,SNNP,1,2022,Secha,1,1,1,1,1,YES,0,0
SNSE072130,SNSE072130-EPHI-622I-1,SNNP,1,2022,Secha,1,1,1,1,1,YES,0,0
SNSE072132,SNSE072132-EPHI-622I-1,SNNP,1,2022,Secha,1,1,1,1,1,YES,0,0
SNSE072135,SNSE072135-EPHI-622I-1,SNNP,1,2022,Secha,1,1,1,1,1,YES,0,0
SNSE072136,SNSE072136-EPHI-622I-1,SNNP,1,2022,Secha,1,1,1,1,1,YES,0,0
SNSE072137,SNSE072137-EPHI-622I-1,SNNP,1,2022,Secha,1,1,1,1,1,YES,0,0
SNSE072138,SNSE072138-EPHI-622I-1,SNNP,1,2022,Secha,1,1,1,1,1,YES,0,0
SNSE072139,SNSE072139-EPHI-622I-1,SNNP,1,2022,Secha,1,1,1,1,1,YES,0,0
SNSE072140,SNSE072140-EPHI-622I-1,SNNP,1,2022,Secha,1,1,1,1,1,YES,0,0
SNSE072141,SNSE072141-EPHI-622I-1,SNNP,1,2022,Secha,1,1,1,1,1,YES,0,0
SNSE072142,SNSE072142-EPHI-622I-1,SNNP,1,2022,Secha,1,1,1,1,1,YES,0,0
SNSE072143,SNSE072143-EPHI-622I-1,SNNP,1,2022,Secha,1,1,1,1,1,YES,0,0
SNSE072144,SNSE072144-EPHI-622I-1,SNNP,1,2022,Secha,1,1,1,1,1,YES,0,0
SNSE072145,SNSE072145-EPHI-622I-1,SNNP,1,2022,Secha,1,1,1,1,1,YES,0,0
SNSE072146,SNSE072146-EPHI-622I-1,SNNP,1,2022,Secha,1,1,1,1,1,YES,0,0
SNSE072147,SNSE072147-EPHI-622I-1,SNNP,1,2022,Secha,1,1,1,1,1,YES,0,0
SNSE072148,SNSE072148-EPHI-622I-1,SNNP,1,2022,Secha,1,1,1,1,1,YES,0,0
SNSE072149,SNSE072149-EPHI-622I-1,SNNP,1,2022,Secha,1,1,1,1,1,YES,0,0
SOER052708,SOER052708-EPHI-622I-1,Somali,1,2022,Erer,1,1,1,1,1,YES,0,0
SOER052710,SOER052710-EPHI-622I-1,Somali,1,2022,Erer,1,1,1,1,1,YES,0,0
SOER052711,SOER052711-EPHI-622I-1,Somali,1,2022,Erer,1,1,1,1,1,YES,0,0
SOER052712,SOER052712-EPHI-622I-1,Somali,1,2022,Erer,1,1,1,1,1,YES,0,0
SOER052713,SOER052713-EPHI-622I-1,Somali,1,2022,Erer,1,1,1,1,1,YES,0,0
SOER052714,SOER052714-EPHI-622I-1,Somali,1,2022,Erer,1,1,1,1,1,YES,0,0
SOER052716,SOER052716-EPHI-622I-1,Somali,1,2022,Erer,1,1,1,1,1,YES,0,0
SOER052718,SOER052718-EPHI-622I-1,Somali,1,2022,Erer,1,1,1,1,1,YES,0,0
SOER052725,SOER052725-EPHI-622I-1,Somali,1,2022,Erer,1,1,1,1,1,YES,0,0
SOER052727,SOER052727-EPHI-622I-1,Somali,1,2022,Erer,1,1,1,1,1,YES,0,0
SOER052732,SOER052732-EPHI-622I-1,Somali,1,2022,Erer,1,1,1,1,1,YES,0,0
SOER052735,SOER052735-EPHI-622I-1,Somali,1,2022,Erer,1,1,1,1,1,YES,0,0
SOER052742,SOER052742-EPHI-622I-1,Somali,1,2022,Erer,1,1,1,1,1,YES,0,0
SOER052744,SOER052744-EPHI-622I-1,Somali,1,2022,Erer,1,1,1,1,1,YES,0,0
SOER052745,SOER052745-EPHI-622I-1,Somali,1,2022,Erer,1,1,1,1,1,YES,0,0
SOER052756,SOER052756-EPHI-622I-1,Somali,1,2022,Erer,1,1,1,1,1,YES,0,0
SOER052757,SOER052757-EPHI-622I-1,Somali,1,2022,Erer,1,1,1,1,1,YES,0,0
SOER052758,SOER052758-EPHI-622I-1,Somali,1,2022,Erer,1,1,1,1,1,YES,0,0
SOER052763,SOER052763-EPHI-622I-1,Somali,1,2022,Erer,1,1,1,1,1,YES,0,0
SOER052766,SOER052766-EPHI-622I-1,Somali,1,2022,Erer,1,1,1,1,1,YES,0,0
SOER052766,SOER052766-EPHI-622I-1,Somali,1,2022,Erer,1,1,1,1,1,YES,0,0
SOER052775,SOER052775-EPHI-622I-1,Somali,1,2022,Erer,1,1,1,1,1,YES,0,0
ORME040642,ORME040642-EPHI-622I-1,Oromia,1,2022,Metehara,1,1,1,1,1,YES,0,0
SNDI071804,SNDI071804-EPHI-622I-1,SNNP,1,2022,Dilla,1,1,1,1,1,YES,0,0
SNDI071805,SNDI071805-EPHI-622I-1,SNNP,1,2022,Dilla,1,1,1,1,1,YES,0,0
GAAB092417,GAAB092417-EPHI-622I-1,Gambela,1,2022,Abol,1,1,1,1,1,YES,1,1
GAAB092490,GAAB092490-EPHI-622I-1,Gambela,1,2022,Abol,1,1,1,1,1,YES,1,1
AMAN031000,AMAN031000-EPHI-622I-1,Amhara,1,2022,Andansa,1,1,1,1,1,YES,1,1
AMJI031295,AMJI031295-EPHI-622I-1,Amhara,1,2022,Jiga,1,1,1,1,1,YES,1,1
AMWO031525,AMWO031525-EPHI-622I-1,Amhara,1,2022,Woreta,1,1,1,1,1,YES,1,1
AMWO031527,AMWO031527-EPHI-622I-1,Amhara,1,2022,Woreta,1,1,1,1,1,YES,1,1
AMWO031547,AMWO031547-EPHI-622I-1,Amhara,1,2022,Woreta,1,1,1,1,1,YES,1,1
AMWO031557,AMWO031557-EPHI-622I-1,Amhara,1,2022,Woreta,1,1,1,1,1,YES,1,1
ET_SL_1456,ET_SL_1456-EPHI-622I-1,SNNP,1,2019,Shile,1,1,1,1,1,YES,1,1
ET_SL_1457,ET_SL_1457-EPHI-622I-1,SNNP,1,2019,Shile,1,1,1,1,1,YES,1,1
GAAB092416,GAAB092416-EPHI-622I-1,Gambela,1,2022,Abol,1,1,1,1,1,YES,1,1
GAAB092461,GAAB092461-EPHI-622I-1,Gambela,1,2022,Abol,1,1,1,1,1,YES,1,1
