District,year,Locus,n,freq,lat,long,,,
Lante,2022,P441L,95,0,6.13325,37.63912,,,
Lante,2022,P574L,95,0,6.13325,37.63912,,,
Lante,2022,R622I,95,0,6.13325,37.63912,,,
Lante,2022,A675V,95,0,6.13325,37.63912,,,
Lante,2022,K13,95,0,6.13325,37.63912,,,
Lante,2022,Wildtype,95,1,6.13325,37.63912,,,
Metehara,2022,P441L,95,0,8.83826,39.92292,,,
Metehara,2022,P574L,95,0,8.83826,39.92292,,,
Metehara,2022,R622I,95,0,8.83826,39.92292,,,
Metehara,2022,A675V,95,0,8.83826,39.92292,,,
Metehara,2022,K13,95,0,8.83826,39.92292,,,
Metehara,2022,Wildtype,95,1,8.83826,39.92292,,,
Shile,2022,P441L,95,0,6.3,37.11667,,,
Shile,2022,P574L,95,0,6.3,37.11667,,,
Shile,2022,R622I,95,0,6.3,37.11667,,,
Shile,2022,A675V,95,0,6.3,37.11667,,,
Shile,2022,K13,95,0,6.3,37.11667,,,
Shile,2022,Wildtype,95,1,6.3,37.11667,,,
Abol,2022,P441L,95,0,8.1879,34.3989,,,
Abol,2022,P574L,95,0,8.1879,34.3989,,,
Abol,2022,R622I,95,0.022222222,8.1879,34.3989,,,
Abol,2022,A675V,95,0.044444444,8.1879,34.3989,,,
Abol,2022,K13,95,0.06,8.1879,34.3989,,,
Abol,2022,Wildtype,95,0.94,8.1879,34.3989,,,
Andasa,2022,P441L,95,0,11.50241,37.48655,,,
Andasa,2022,P574L,95,0,11.50241,37.48655,,,
Andasa,2022,R622I,95,0.537815126,11.50241,37.48655,,,
Andasa,2022,A675V,95,0,11.50241,37.48655,,,
Andasa,2022,K13,95,0.537815126,11.50241,37.48655,,,
Andasa,2022,Wildtype,95,0.462184874,11.50241,37.48655,,,
Asendabo,2022,P441L,95,0,7.75904,37.22329,,,
Asendabo,2022,P574L,95,0,7.75904,37.22329,,,
Asendabo,2022,R622I,95,0.068965517,7.75904,37.22329,,,
Asendabo,2022,A675V,95,0,7.75904,37.22329,,,
Asendabo,2022,K13,95,0.068965517,7.75904,37.22329,,,
Asendabo,2022,Wildtype,95,0.931034483,7.75904,37.22329,,,
Batu,2022,P441L,95,0,7.93833,38.71916,,,
Batu,2022,P574L,95,0.181818182,7.93833,38.71916,,,
Batu,2022,R622I,95,0,7.93833,38.71916,,,
Batu,2022,A675V,95,0,7.93833,38.71916,,,
Batu,2022,K13,95,0.18,7.93833,38.71916,,,
Batu,2022,Wildtype,95,0.82,7.93833,38.71916,,,
Dilla,2022,P441L,95,0.1,6.4007,38.3111,,,0.1
Dilla,2022,P574L,95,0,6.4007,38.3111,,,
Dilla,2022,R622I,95,0,6.4007,38.3111,,,
Dilla,2022,A675V,95,0,6.4007,38.3111,,,
Dilla,2022,K13,95,0.1,6.4007,38.3111,,,
Dilla,2022,Wildtype,95,0.9,6.4007,38.3111,,,
Erer,2022,P441L,95,0,9.5614,41.3833,,,
Erer,2022,P574L,95,0,9.5614,41.3833,,,
Erer,2022,R622I,95,0.097560976,9.5614,41.3833,,,
Erer,2022,A675V,95,0,9.5614,41.3833,,,
Erer,2022,K13,95,0.1,9.5614,41.3833,,,
Erer,2022,Wildtype,95,0.9,9.5614,41.3833,,,
Jiga,2022,P441L,95,0,10.67261,37.70038,,,
Jiga,2022,P574L,95,0,10.67261,37.70038,,,
Jiga,2022,R622I,95,0.31372549,10.67261,37.70038,,,
Jiga,2022,A675V,95,0,10.67261,37.70038,,,
Jiga,2022,K13,95,0.3,10.67261,37.70038,,,
Jiga,2022,Wildtype,95,0.7,10.67261,37.70038,,,
Metehara,2022,P441L,95,0.010989011,8.83826,39.92292,,,
Metehara,2022,P574L,95,0,8.83826,39.92292,,,
Metehara,2022,R622I,95,0.010752688,8.83826,39.92292,,,
Metehara,2022,A675V,95,0,8.83826,39.92292,,,
Metehara,2022,K13,95,0.02,8.83826,39.92292,,,
Metehara,2022,Wildtype,95,0.98,8.83826,39.92292,,,
Secha,2022,P441L,95,0.023809524,6.03333,37.555,,,
Secha,2022,P574L,95,0,6.03333,37.555,,,
Secha,2022,R622I,95,0,6.03333,37.555,,,
Secha,2022,A675V,95,0,6.03333,37.555,,,
Secha,2022,K13,95,0.023809524,6.03333,37.555,,,
Secha,2022,Wildtype,95,0.97,6.03333,37.555,,,
Woreta,2022,P441L,95,0,11.92777,37.75625,,,
Woreta,2022,P574L,95,0,11.92777,37.75625,,,
Woreta,2022,R622I,95,0.5,11.92777,37.75625,,,
Woreta,2022,A675V,95,0,11.92777,37.75625,,,
Woreta,2022,K13,95,0.5,11.92777,37.75625,,,
Woreta,2022,Wildtype,95,0.5,11.92777,37.75625,,,
Andasa,2022,P441L,95,0,11.50241,37.48655,,,
Andasa,2022,P574L,95,0,11.50241,37.48655,,,
Andasa,2022,R622I,95,0.5,11.50241,37.48655,,,
Andasa,2022,A675V,95,0,11.50241,37.48655,,,
Andasa,2022,K13,95,0.5,11.50241,37.48655,,,
Andasa,2022,Wildtype,95,0.5,11.50241,37.48655,,,
Batu,2022,P441L,95,0.142857143,7.93833,38.71916,,,
Batu,2022,P574L,95,0,7.93833,38.71916,,,
Batu,2022,R622I,95,0,7.93833,38.71916,,,
Batu,2022,A675V,95,0,7.93833,38.71916,,,
Batu,2022,K13,95,0.14,7.93833,38.71916,,,
Batu,2022,Wildtype,95,0.86,7.93833,38.71916,,,
Erer,2022,P441L,95,0,9.5614,41.3833,,,
Erer,2022,P574L,95,0,9.5614,41.3833,,,
Erer,2022,R622I,95,0,9.5614,41.3833,,,
Erer,2022,A675V,95,0,9.5614,41.3833,,,
Erer,2022,K13,95,0,9.5614,41.3833,,,
Erer,2022,Wildtype,95,1,9.5614,41.3833,,,
Woreta,2022,P441L,95,0,11.92777,37.75625,,,
Woreta,2022,P574L,95,0,11.92777,37.75625,,,
Woreta,2022,R622I,95,0.1,11.92777,37.75625,,,
Woreta,2022,A675V,95,0,11.92777,37.75625,,,
Woreta,2022,K13,95,0.1,11.92777,37.75625,,,
Woreta,2022,Wildtype,95,0.9,11.92777,37.75625,,,
