Sample_ID,K13_622I,mdr1_N86,mdr1_184F,mdr1_D1246,None
ET_LT_1001,0,0,0,0,1
ET_LT_1002,0,0,0,0,1
ET_LT_806,0,0,0,0,1
ET_LT_974,0,0,0,0,1
ET_LT_983,0,0,0,0,1
ET_LT_984,0,0,0,0,1
ET_SL_1138,0,0,1,0,0
ET_MT_331,0,0,0,1,0
ET_MT_387,0,0,0,1,0
ET_MT_528,0,0,0,1,0
ET_LT_902,0,0,1,1,0
GAAB092419,0,0,1,1,0
ORME040695,0,0,1,1,0
GAAB092417,0,0,1,1,0
AMJI031203,0,1,0,1,0
AMJI031226,0,1,0,1,0
AMJI031249,0,1,0,1,0
AMJI031256,0,1,0,1,0
AMJI031294,0,1,0,1,0
AMJI031332,0,1,0,1,0
ET_MT_573,0,1,0,1,0
GAAB092438,0,1,0,1,0
GAAB092457,0,1,0,1,0
GAAB092468,0,1,0,1,0
GAAB092476,0,1,0,1,0
GAAB092491,0,1,0,1,0
GAAB092510,0,1,0,1,0
GAAB092511,0,1,0,1,0
GAAB092535,0,1,0,1,0
GAAB092543,0,1,0,1,0
GAAB092548,0,1,0,1,0
ORME040670,0,1,0,1,0
SOER052712,0,1,0,1,0
SOER052716,0,1,0,1,0
SOER052744,0,1,0,1,0
GAAB092413,0,1,1,1,0
GAAB092416,0,1,1,1,0
GAAB092500,0,1,1,1,0
GAAB092501,0,1,1,1,0
GAAB092526,0,1,1,1,0
GAAB092427,0,1,1,1,0
AMAN030903,0,1,1,1,0
AMAN030904,0,1,1,1,0
AMAN030908,0,1,1,1,0
AMAN030909,0,1,1,1,0
AMAN030915,0,1,1,1,0
AMAN030931,0,1,1,1,0
AMAN030932,0,1,1,1,0
AMAN030935,0,1,1,1,0
AMAN030937,0,1,1,1,0
AMAN030944,0,1,1,1,0
AMAN030952,0,1,1,1,0
AMAN030958,0,1,1,1,0
AMAN030964,0,1,1,1,0
AMAN030966,0,1,1,1,0
AMAN030971,0,1,1,1,0
AMAN030975,0,1,1,1,0
AMAN030976,0,1,1,1,0
AMAN030983,0,1,1,1,0
AMAN030987,0,1,1,1,0
AMAN030988,0,1,1,1,0
AMAN030989,0,1,1,1,0
AMAN030991,0,1,1,1,0
AMAN030993,0,1,1,1,0
AMAN030996,0,1,1,1,0
AMAN030997,0,1,1,1,0
AMAN030999,0,1,1,1,0
AMAN031002,0,1,1,1,0
AMAN031004,0,1,1,1,0
AMAN031008,0,1,1,1,0
AMAN031014,0,1,1,1,0
AMAN031015,0,1,1,1,0
AMAN031017,0,1,1,1,0
AMAN031021,0,1,1,1,0
AMAN031022,0,1,1,1,0
AMAN031023,0,1,1,1,0
AMAN031027,0,1,1,1,0
AMJI031204,0,1,1,1,0
AMJI031208,0,1,1,1,0
AMJI031212,0,1,1,1,0
AMJI031222,0,1,1,1,0
AMJI031223,0,1,1,1,0
AMJI031224,0,1,1,1,0
AMJI031225,0,1,1,1,0
AMJI031229,0,1,1,1,0
AMJI031232,0,1,1,1,0
AMJI031235,0,1,1,1,0
AMJI031242,0,1,1,1,0
AMJI031244,0,1,1,1,0
AMJI031245,0,1,1,1,0
AMJI031246,0,1,1,1,0
AMJI031248,0,1,1,1,0
AMJI031250,0,1,1,1,0
AMJI031251,0,1,1,1,0
AMJI031252,0,1,1,1,0
AMJI031253,0,1,1,1,0
AMJI031258,0,1,1,1,0
AMJI031262,0,1,1,1,0
AMJI031263,0,1,1,1,0
AMJI031264,0,1,1,1,0
AMJI031265,0,1,1,1,0
AMJI031267,0,1,1,1,0
AMJI031268,0,1,1,1,0
AMJI031270,0,1,1,1,0
AMJI031272,0,1,1,1,0
AMJI031274,0,1,1,1,0
AMJI031276,0,1,1,1,0
AMJI031278,0,1,1,1,0
AMJI031279,0,1,1,1,0
AMJI031280,0,1,1,1,0
AMJI031281,0,1,1,1,0
AMJI031283,0,1,1,1,0
AMJI031284,0,1,1,1,0
AMJI031288,0,1,1,1,0
AMJI031292,0,1,1,1,0
AMJI031295,0,1,1,1,0
AMJI031306,0,1,1,1,0
AMJI031308,0,1,1,1,0
AMJI031310,0,1,1,1,0
AMJI031314,0,1,1,1,0
AMJI031316,0,1,1,1,0
AMJI031322,0,1,1,1,0
AMWO031507,0,1,1,1,0
AMWO031508,0,1,1,1,0
AMWO031511,0,1,1,1,0
AMWO031517,0,1,1,1,0
AMWO031519,0,1,1,1,0
AMWO031526,0,1,1,1,0
AMWO031527,0,1,1,1,0
AMWO031532,0,1,1,1,0
AMWO031533,0,1,1,1,0
AMWO031534,0,1,1,1,0
AMWO031539,0,1,1,1,0
AMWO031547,0,1,1,1,0
AMWO031551,0,1,1,1,0
AMWO031555,0,1,1,1,0
AMWO031557,0,1,1,1,0
AMWO031564,0,1,1,1,0
AMWO031564,0,1,1,1,0
AMWO031601,0,1,1,1,0
AMWO031621,0,1,1,1,0
AMWO031622,0,1,1,1,0
AMWO031623,0,1,1,1,0
AMWO031624,0,1,1,1,0
AMWO031625,0,1,1,1,0
AMWO031628,0,1,1,1,0
AMWO031630,0,1,1,1,0
ET_LT_1004,0,1,1,1,0
ET_LT_1005,0,1,1,1,0
ET_LT_1006,0,1,1,1,0
ET_LT_533,0,1,1,1,0
ET_LT_562,0,1,1,1,0
ET_LT_568,0,1,1,1,0
ET_LT_569,0,1,1,1,0
ET_LT_570,0,1,1,1,0
ET_LT_582,0,1,1,1,0
ET_LT_583,0,1,1,1,0
ET_LT_587,0,1,1,1,0
ET_LT_589,0,1,1,1,0
ET_LT_590,0,1,1,1,0
ET_LT_594,0,1,1,1,0
ET_LT_602,0,1,1,1,0
ET_LT_624,0,1,1,1,0
ET_LT_633,0,1,1,1,0
ET_LT_665,0,1,1,1,0
ET_LT_667,0,1,1,1,0
ET_LT_700,0,1,1,1,0
ET_LT_702,0,1,1,1,0
ET_LT_705,0,1,1,1,0
ET_LT_706,0,1,1,1,0
ET_LT_707,0,1,1,1,0
ET_LT_708,0,1,1,1,0
ET_LT_712,0,1,1,1,0
ET_LT_714,0,1,1,1,0
ET_LT_719,0,1,1,1,0
ET_LT_731,0,1,1,1,0
ET_LT_732,0,1,1,1,0
ET_LT_734,0,1,1,1,0
ET_LT_738,0,1,1,1,0
ET_LT_745,0,1,1,1,0
ET_LT_749,0,1,1,1,0
ET_LT_758,0,1,1,1,0
ET_LT_762,0,1,1,1,0
ET_LT_765,0,1,1,1,0
ET_LT_771,0,1,1,1,0
ET_LT_772,0,1,1,1,0
ET_LT_773,0,1,1,1,0
ET_LT_781,0,1,1,1,0
ET_LT_799,0,1,1,1,0
ET_LT_800,0,1,1,1,0
ET_LT_827,0,1,1,1,0
ET_LT_828,0,1,1,1,0
ET_LT_831,0,1,1,1,0
ET_LT_854,0,1,1,1,0
ET_LT_875,0,1,1,1,0
ET_LT_876,0,1,1,1,0
ET_LT_886,0,1,1,1,0
ET_LT_896,0,1,1,1,0
ET_LT_906,0,1,1,1,0
ET_LT_909,0,1,1,1,0
ET_LT_911,0,1,1,1,0
ET_LT_913,0,1,1,1,0
ET_LT_921,0,1,1,1,0
ET_LT_928,0,1,1,1,0
ET_LT_935,0,1,1,1,0
ET_LT_936,0,1,1,1,0
ET_LT_947,0,1,1,1,0
ET_LT_957,0,1,1,1,0
ET_LT_965,0,1,1,1,0
ET_LT_980,0,1,1,1,0
ET_LT_985,0,1,1,1,0
ET_LT_986,0,1,1,1,0
ET_LT_989,0,1,1,1,0
ET_LT_991,0,1,1,1,0
ET_LT_994,0,1,1,1,0
ET_MT_199,0,1,1,1,0
ET_MT_251,0,1,1,1,0
ET_MT_346,0,1,1,1,0
ET_MT_350,0,1,1,1,0
ET_MT_377,0,1,1,1,0
ET_MT_390,0,1,1,1,0
ET_MT_399,0,1,1,1,0
ET_MT_408,0,1,1,1,0
ET_MT_419,0,1,1,1,0
ET_MT_421,0,1,1,1,0
ET_MT_422,0,1,1,1,0
ET_MT_423,0,1,1,1,0
ET_MT_427,0,1,1,1,0
ET_MT_428,0,1,1,1,0
ET_MT_429,0,1,1,1,0
ET_MT_467,0,1,1,1,0
ET_MT_469,0,1,1,1,0
ET_MT_470,0,1,1,1,0
ET_MT_471,0,1,1,1,0
ET_MT_475,0,1,1,1,0
ET_MT_476,0,1,1,1,0
ET_MT_477,0,1,1,1,0
ET_MT_478,0,1,1,1,0
ET_MT_479,0,1,1,1,0
ET_MT_500,0,1,1,1,0
ET_MT_516,0,1,1,1,0
ET_MT_518,0,1,1,1,0
ET_MT_520,0,1,1,1,0
ET_MT_522,0,1,1,1,0
ET_MT_523,0,1,1,1,0
ET_MT_526,0,1,1,1,0
ET_MT_534,0,1,1,1,0
ET_MT_535,0,1,1,1,0
ET_MT_537,0,1,1,1,0
ET_MT_538,0,1,1,1,0
ET_MT_539,0,1,1,1,0
ET_MT_540,0,1,1,1,0
ET_MT_542,0,1,1,1,0
ET_MT_543,0,1,1,1,0
ET_MT_546,0,1,1,1,0
ET_MT_547,0,1,1,1,0
ET_MT_548,0,1,1,1,0
ET_MT_549,0,1,1,1,0
ET_MT_550,0,1,1,1,0
ET_MT_551,0,1,1,1,0
ET_MT_553,0,1,1,1,0
ET_MT_555,0,1,1,1,0
ET_MT_558,0,1,1,1,0
ET_MT_560,0,1,1,1,0
ET_MT_565,0,1,1,1,0
ET_MT_569,0,1,1,1,0
ET_MT_570,0,1,1,1,0
ET_MT_575,0,1,1,1,0
ET_SL_1030,0,1,1,1,0
ET_SL_1034,0,1,1,1,0
ET_SL_1109,0,1,1,1,0
ET_SL_1118,0,1,1,1,0
ET_SL_1119,0,1,1,1,0
ET_SL_1148,0,1,1,1,0
ET_SL_1150,0,1,1,1,0
ET_SL_1159,0,1,1,1,0
ET_SL_1166,0,1,1,1,0
ET_SL_1185,0,1,1,1,0
ET_SL_1200,0,1,1,1,0
ET_SL_1211,0,1,1,1,0
ET_SL_1217,0,1,1,1,0
ET_SL_1224,0,1,1,1,0
ET_SL_1227,0,1,1,1,0
ET_SL_1233,0,1,1,1,0
ET_SL_1257,0,1,1,1,0
ET_SL_1262,0,1,1,1,0
ET_SL_1279,0,1,1,1,0
ET_SL_1319,0,1,1,1,0
ET_SL_1322,0,1,1,1,0
ET_SL_1324,0,1,1,1,0
ET_SL_1401,0,1,1,1,0
ET_SL_1406,0,1,1,1,0
ET_SL_1409,0,1,1,1,0
ET_SL_1411,0,1,1,1,0
ET_SL_1456,0,1,1,1,0
ET_SL_1457,0,1,1,1,0
ET_SL_1458,0,1,1,1,0
ET_SL_1459,0,1,1,1,0
ET_SL_1460,0,1,1,1,0
ET_SL_1461,0,1,1,1,0
ET_SL_1462,0,1,1,1,0
ET_SL_1466,0,1,1,1,0
ET_SL_1467,0,1,1,1,0
ET_SL_1468,0,1,1,1,0
ET_SL_1469,0,1,1,1,0
ET_SL_1470,0,1,1,1,0
ET_SL_1471,0,1,1,1,0
ET_SL_1472,0,1,1,1,0
ET_SL_1473,0,1,1,1,0
ET_SL_1474,0,1,1,1,0
ET_SL_1475,0,1,1,1,0
ET_SL_1476,0,1,1,1,0
ET_SL_1477,0,1,1,1,0
ET_SL_1478,0,1,1,1,0
ET_SL_1479,0,1,1,1,0
ET_SL_1480,0,1,1,1,0
ET_SL_1481,0,1,1,1,0
ET_SL_1482,0,1,1,1,0
ET_SL_1483,0,1,1,1,0
ET_SL_1484,0,1,1,1,0
ET_SL_1485,0,1,1,1,0
ET_SL_1487,0,1,1,1,0
ET_SL_1488,0,1,1,1,0
ET_SL_1489,0,1,1,1,0
ET_SL_1490,0,1,1,1,0
ET_SL_1491,0,1,1,1,0
ET_SL_1492,0,1,1,1,0
ET_SL_1493,0,1,1,1,0
ET_SL_1494,0,1,1,1,0
ET_SL_1495,0,1,1,1,0
ET_SL_1496,0,1,1,1,0
ET_SL_1497,0,1,1,1,0
ET_SL_1498,0,1,1,1,0
ET_SL_1499,0,1,1,1,0
ET_SL_1500,0,1,1,1,0
ET_SL_1501,0,1,1,1,0
ET_SL_1502,0,1,1,1,0
ET_SL_1503,0,1,1,1,0
ET_SL_1504,0,1,1,1,0
ET_SL_1505,0,1,1,1,0
ET_SL_1506,0,1,1,1,0
ET_SL_1507,0,1,1,1,0
ET_SL_1508,0,1,1,1,0
ET_SL_1509,0,1,1,1,0
ET_SL_1510,0,1,1,1,0
ET_SL_1511,0,1,1,1,0
ET_SL_1512,0,1,1,1,0
GAAB092401,0,1,1,1,0
GAAB092402,0,1,1,1,0
GAAB092403,0,1,1,1,0
GAAB092407,0,1,1,1,0
GAAB092409,0,1,1,1,0
GAAB092410,0,1,1,1,0
GAAB092415,0,1,1,1,0
GAAB092420,0,1,1,1,0
GAAB092424,0,1,1,1,0
GAAB092426,0,1,1,1,0
GAAB092428,0,1,1,1,0
GAAB092429,0,1,1,1,0
GAAB092432,0,1,1,1,0
GAAB092433,0,1,1,1,0
GAAB092434,0,1,1,1,0
GAAB092435,0,1,1,1,0
GAAB092439,0,1,1,1,0
GAAB092440,0,1,1,1,0
GAAB092441,0,1,1,1,0
GAAB092442,0,1,1,1,0
GAAB092446,0,1,1,1,0
GAAB092453,0,1,1,1,0
GAAB092454,0,1,1,1,0
GAAB092455,0,1,1,1,0
GAAB092456,0,1,1,1,0
GAAB092459,0,1,1,1,0
GAAB092461,0,1,1,1,0
GAAB092463,0,1,1,1,0
GAAB092465,0,1,1,1,0
GAAB092472,0,1,1,1,0
GAAB092473,0,1,1,1,0
GAAB092474,0,1,1,1,0
GAAB092475,0,1,1,1,0
GAAB092479,0,1,1,1,0
GAAB092487,0,1,1,1,0
GAAB092489,0,1,1,1,0
GAAB092492,0,1,1,1,0
GAAB092493,0,1,1,1,0
GAAB092495,0,1,1,1,0
GAAB092497,0,1,1,1,0
GAAB092498,0,1,1,1,0
GAAB092499,0,1,1,1,0
GAAB092502,0,1,1,1,0
GAAB092503,0,1,1,1,0
GAAB092504,0,1,1,1,0
GAAB092505,0,1,1,1,0
GAAB092506,0,1,1,1,0
GAAB092509,0,1,1,1,0
GAAB092512,0,1,1,1,0
GAAB092513,0,1,1,1,0
GAAB092516,0,1,1,1,0
GAAB092517,0,1,1,1,0
GAAB092518,0,1,1,1,0
GAAB092519,0,1,1,1,0
GAAB092521,0,1,1,1,0
GAAB092522,0,1,1,1,0
GAAB092523,0,1,1,1,0
GAAB092530,0,1,1,1,0
GAAB092532,0,1,1,1,0
GAAB092534,0,1,1,1,0
GAAB092536,0,1,1,1,0
GAAB092537,0,1,1,1,0
GAAB092539,0,1,1,1,0
GAAB092540,0,1,1,1,0
GAAB092541,0,1,1,1,0
GAAB092545,0,1,1,1,0
GAAB092547,0,1,1,1,0
GAAB092549,0,1,1,1,0
GAAB092560,0,1,1,1,0
GAAB092561,0,1,1,1,0
GAAB092562,0,1,1,1,0
GAAB092563,0,1,1,1,0
GAAB092564,0,1,1,1,0
ORAS040001,0,1,1,1,0
ORAS040002,0,1,1,1,0
ORAS040004,0,1,1,1,0
ORAS040006,0,1,1,1,0
ORAS040007,0,1,1,1,0
ORAS040008,0,1,1,1,0
ORAS040010,0,1,1,1,0
ORAS040011,0,1,1,1,0
ORAS040013,0,1,1,1,0
ORAS040014,0,1,1,1,0
ORAS040015,0,1,1,1,0
ORAS040016,0,1,1,1,0
ORAS040017,0,1,1,1,0
ORAS040018,0,1,1,1,0
ORAS040019,0,1,1,1,0
ORAS040020,0,1,1,1,0
ORAS040021,0,1,1,1,0
ORAS040022,0,1,1,1,0
ORAS040026,0,1,1,1,0
ORAS040027,0,1,1,1,0
ORAS040028,0,1,1,1,0
ORAS040029,0,1,1,1,0
ORAS040030,0,1,1,1,0
ORAS040031,0,1,1,1,0
ORAS040032,0,1,1,1,0
ORBA040301,0,1,1,1,0
ORBA040302,0,1,1,1,0
ORBA040303,0,1,1,1,0
ORBA040304,0,1,1,1,0
ORBA040305,0,1,1,1,0
ORBA040306,0,1,1,1,0
ORBA040307,0,1,1,1,0
ORBA040308,0,1,1,1,0
ORBA040309,0,1,1,1,0
ORBA040310,0,1,1,1,0
ORBA040311,0,1,1,1,0
ORBA040313,0,1,1,1,0
ORBA040314,0,1,1,1,0
ORBA040316,0,1,1,1,0
ORBA040317,0,1,1,1,0
ORBA040319,0,1,1,1,0
ORBA040322,0,1,1,1,0
ORBA040323,0,1,1,1,0
ORBA040324,0,1,1,1,0
ORBA040326,0,1,1,1,0
ORBA040330,0,1,1,1,0
ORBA040331,0,1,1,1,0
ORBA040333,0,1,1,1,0
ORBA040338,0,1,1,1,0
ORME040601,0,1,1,1,0
ORME040602,0,1,1,1,0
ORME040603,0,1,1,1,0
ORME040605,0,1,1,1,0
ORME040607,0,1,1,1,0
ORME040608,0,1,1,1,0
ORME040609,0,1,1,1,0
ORME040610,0,1,1,1,0
ORME040611,0,1,1,1,0
ORME040612,0,1,1,1,0
ORME040613,0,1,1,1,0
ORME040615,0,1,1,1,0
ORME040616,0,1,1,1,0
ORME040620,0,1,1,1,0
ORME040623,0,1,1,1,0
ORME040624,0,1,1,1,0
ORME040625,0,1,1,1,0
ORME040627,0,1,1,1,0
ORME040628,0,1,1,1,0
ORME040630,0,1,1,1,0
ORME040633,0,1,1,1,0
ORME040634,0,1,1,1,0
ORME040637,0,1,1,1,0
ORME040638,0,1,1,1,0
ORME040639,0,1,1,1,0
ORME040640,0,1,1,1,0
ORME040641,0,1,1,1,0
ORME040643,0,1,1,1,0
ORME040645,0,1,1,1,0
ORME040646,0,1,1,1,0
ORME040647,0,1,1,1,0
ORME040648,0,1,1,1,0
ORME040649,0,1,1,1,0
ORME040650,0,1,1,1,0
ORME040651,0,1,1,1,0
ORME040652,0,1,1,1,0
ORME040653,0,1,1,1,0
ORME040655,0,1,1,1,0
ORME040657,0,1,1,1,0
ORME040658,0,1,1,1,0
ORME040660,0,1,1,1,0
ORME040661,0,1,1,1,0
ORME040662,0,1,1,1,0
ORME040663,0,1,1,1,0
ORME040666,0,1,1,1,0
ORME040667,0,1,1,1,0
ORME040668,0,1,1,1,0
ORME040669,0,1,1,1,0
ORME040671,0,1,1,1,0
ORME040672,0,1,1,1,0
ORME040673,0,1,1,1,0
ORME040674,0,1,1,1,0
ORME040675,0,1,1,1,0
ORME040678,0,1,1,1,0
ORME040681,0,1,1,1,0
ORME040683,0,1,1,1,0
ORME040684,0,1,1,1,0
ORME040685,0,1,1,1,0
ORME040686,0,1,1,1,0
ORME040687,0,1,1,1,0
ORME040688,0,1,1,1,0
ORME040690,0,1,1,1,0
ORME040691,0,1,1,1,0
ORME040693,0,1,1,1,0
ORME040694,0,1,1,1,0
ORME040697,0,1,1,1,0
ORME040698,0,1,1,1,0
ORME040699,0,1,1,1,0
ORME040700,0,1,1,1,0
SNDI071804,0,1,1,1,0
SNDI071805,0,1,1,1,0
SNSE072101,0,1,1,1,0
SNSE072103,0,1,1,1,0
SNSE072106,0,1,1,1,0
SNSE072107,0,1,1,1,0
SNSE072108,0,1,1,1,0
SNSE072110,0,1,1,1,0
SNSE072111,0,1,1,1,0
SNSE072112,0,1,1,1,0
SNSE072113,0,1,1,1,0
SNSE072114,0,1,1,1,0
SNSE072117,0,1,1,1,0
SNSE072119,0,1,1,1,0
SNSE072120,0,1,1,1,0
SNSE072121,0,1,1,1,0
SNSE072124,0,1,1,1,0
SNSE072125,0,1,1,1,0
SNSE072127,0,1,1,1,0
SNSE072128,0,1,1,1,0
SNSE072129,0,1,1,1,0
SNSE072130,0,1,1,1,0
SNSE072135,0,1,1,1,0
SNSE072136,0,1,1,1,0
SNSE072137,0,1,1,1,0
SNSE072139,0,1,1,1,0
SNSE072140,0,1,1,1,0
SNSE072141,0,1,1,1,0
SNSE072142,0,1,1,1,0
SNSE072143,0,1,1,1,0
SNSE072144,0,1,1,1,0
SNSE072145,0,1,1,1,0
SNSE072146,0,1,1,1,0
SNSE072147,0,1,1,1,0
SNSE072148,0,1,1,1,0
SNSE072150,0,1,1,1,0
SOER052703,0,1,1,1,0
SOER052704,0,1,1,1,0
SOER052708,0,1,1,1,0
SOER052710,0,1,1,1,0
SOER052711,0,1,1,1,0
SOER052713,0,1,1,1,0
SOER052714,0,1,1,1,0
SOER052718,0,1,1,1,0
SOER052732,0,1,1,1,0
SOER052742,0,1,1,1,0
SOER052745,0,1,1,1,0
SOER052755,0,1,1,1,0
SOER052757,0,1,1,1,0
SOER052758,0,1,1,1,0
SOER052762,0,1,1,1,0
SOER052766,0,1,1,1,0
SOER052766,0,1,1,1,0
SOER052775,0,1,1,1,0
SOER052778,0,1,1,1,0
SOER052796,0,1,1,1,0
SOER052797,0,1,1,1,0
SOER052799,0,1,1,1,0
GAAB092449,0,1,1,1,0
GAAB092529,0,1,1,1,0
GAAB092488,0,1,1,1,0
GAAB092538,0,1,1,1,0
ORME040644,0,1,1,1,0
GAAB092458,0,1,1,1,0
AMJI031259,0,1,1,1,0
AMJI031269,0,1,1,1,0
GAAB092527,0,1,1,1,0
GAAB092515,0,1,1,1,0
GAAB092445,0,1,1,1,0
GAAB092406,0,1,1,1,0
GAAB092528,0,1,1,1,0
GAAB092478,0,1,1,1,0
GAAB092450,0,1,1,1,0
GAAB092494,0,1,1,1,0
GAAB092469,0,1,1,1,0
GAAB092425,0,1,1,1,0
GAAB092546,0,1,1,1,0
GAAB092533,0,1,1,1,0
GAAB092405,0,1,1,1,0
GAAB092508,0,1,1,1,0
AMJI031290,1,1,0,1,0
GAAB092520,1,1,0,1,0
GAAB092531,1,1,0,1,0
AMAN030902,1,1,1,1,0
AMAN030905,1,1,1,1,0
AMAN030906,1,1,1,1,0
AMAN030907,1,1,1,1,0
AMAN030911,1,1,1,1,0
AMAN030912,1,1,1,1,0
AMAN030914,1,1,1,1,0
AMAN030918,1,1,1,1,0
AMAN030921,1,1,1,1,0
AMAN030922,1,1,1,1,0
AMAN030924,1,1,1,1,0
AMAN030927,1,1,1,1,0
AMAN030928,1,1,1,1,0
AMAN030929,1,1,1,1,0
AMAN030930,1,1,1,1,0
AMAN030936,1,1,1,1,0
AMAN030938,1,1,1,1,0
AMAN030940,1,1,1,1,0
AMAN030943,1,1,1,1,0
AMAN030945,1,1,1,1,0
AMAN030948,1,1,1,1,0
AMAN030953,1,1,1,1,0
AMAN030956,1,1,1,1,0
AMAN030957,1,1,1,1,0
AMAN030959,1,1,1,1,0
AMAN030960,1,1,1,1,0
AMAN030963,1,1,1,1,0
AMAN030965,1,1,1,1,0
AMAN030967,1,1,1,1,0
AMAN030968,1,1,1,1,0
AMAN030972,1,1,1,1,0
AMAN030979,1,1,1,1,0
AMAN030982,1,1,1,1,0
AMAN030985,1,1,1,1,0
AMAN030990,1,1,1,1,0
AMAN030998,1,1,1,1,0
AMAN031003,1,1,1,1,0
AMAN031005,1,1,1,1,0
AMAN031007,1,1,1,1,0
AMAN031012,1,1,1,1,0
AMAN031018,1,1,1,1,0
AMAN031019,1,1,1,1,0
AMAN031020,1,1,1,1,0
AMJI031206,1,1,1,1,0
AMJI031207,1,1,1,1,0
AMJI031210,1,1,1,1,0
AMJI031211,1,1,1,1,0
AMJI031214,1,1,1,1,0
AMJI031215,1,1,1,1,0
AMJI031216,1,1,1,1,0
AMJI031217,1,1,1,1,0
AMJI031218,1,1,1,1,0
AMJI031230,1,1,1,1,0
AMJI031231,1,1,1,1,0
AMJI031240,1,1,1,1,0
AMJI031247,1,1,1,1,0
AMJI031257,1,1,1,1,0
AMJI031266,1,1,1,1,0
AMJI031282,1,1,1,1,0
AMJI031291,1,1,1,1,0
AMJI031296,1,1,1,1,0
AMJI031300,1,1,1,1,0
AMJI031323,1,1,1,1,0
AMJI031325,1,1,1,1,0
AMWO031510,1,1,1,1,0
AMWO031512,1,1,1,1,0
AMWO031518,1,1,1,1,0
AMWO031521,1,1,1,1,0
AMWO031523,1,1,1,1,0
AMWO031548,1,1,1,1,0
AMWO031554,1,1,1,1,0
AMWO031561,1,1,1,1,0
AMWO031563,1,1,1,1,0
AMWO031567,1,1,1,1,0
AMWO031579,1,1,1,1,0
AMWO031581,1,1,1,1,0
AMWO031582,1,1,1,1,0
AMWO031583,1,1,1,1,0
AMWO031586,1,1,1,1,0
AMWO031587,1,1,1,1,0
AMWO031588,1,1,1,1,0
AMWO031589,1,1,1,1,0
AMWO031590,1,1,1,1,0
ORAS040005,1,1,1,1,0
ORAS040012,1,1,1,1,0
ORME040689,1,1,1,1,0
SOER052727,1,1,1,1,0
SOER052770,1,1,1,1,0
AMAN030913,1,1,1,1,0
AMAN031010,1,1,1,1,0
AMAN031024,1,1,1,1,0
AMAN030920,1,1,1,1,0
AMJI031237,1,1,1,1,0
AMAN030955,1,1,1,1,0
SOER052735,1,1,1,1,0
AMJI031297,1,1,1,1,0
AMAN031026,1,1,1,1,0
SOER052773,1,1,1,1,0
AMJI031236,1,1,1,1,0
AMAN031013,1,1,1,1,0
AMAN030916,1,1,1,1,0
AMAN030947,1,1,1,1,0
AMJI031254,1,1,1,1,0
AMWO031509,1,1,1,1,0
